dx,dy,energy,surprise,ok_bit
-0.150000,-0.150000,1.63016987,0.10752907,0
-0.145000,-0.150000,1.63016653,0.10404325,0
-0.140000,-0.150000,1.63016343,0.10056093,0
-0.135000,-0.150000,1.63016129,0.09708244,0
-0.130000,-0.150000,1.63015950,0.09360822,0
-0.125000,-0.150000,1.63015854,0.09013878,0
-0.120000,-0.150000,1.63015854,0.08667467,0
-0.115000,-0.150000,1.63015866,0.08321658,0
-0.110000,-0.150000,1.63015890,0.07976528,0
-0.105000,-0.150000,1.63015962,0.07632168,0
-0.100000,-0.150000,1.63016140,0.07288690,0
-0.095000,-0.150000,1.63016343,0.06946222,0
-0.090000,-0.150000,1.63016593,0.06604923,0
-0.085000,-0.150000,1.63016820,0.06264982,0
-0.080000,-0.150000,1.13017058,0.05926634,1
-0.075000,-0.150000,1.13017333,0.05590170,1
-0.070000,-0.150000,1.13017690,0.05590170,1
-0.065000,-0.150000,1.13018084,0.05590170,1
-0.060000,-0.150000,1.13018525,0.05590170,1
-0.055000,-0.150000,1.13018990,0.05590170,1
-0.050000,-0.150000,1.13019562,0.05590170,1
-0.045000,-0.150000,1.13020146,0.05590170,1
-0.040000,-0.150000,1.13020790,0.05590170,1
-0.035000,-0.150000,1.13021433,0.05590170,1
-0.030000,-0.150000,1.13022161,0.05590170,1
-0.025000,-0.150000,1.13022864,0.05590170,1
-0.020000,-0.150000,1.13023615,0.05590170,1
-0.015000,-0.150000,1.13024342,0.05590170,1
-0.010000,-0.150000,1.13025105,0.05590170,1
-0.005000,-0.150000,1.13025939,0.05590170,1
0.000000,-0.150000,1.13026774,0.05590170,1
0.005000,-0.150000,1.13027632,0.05590170,1
0.010000,-0.150000,1.13028538,0.05590170,1
0.015000,-0.150000,1.13029528,0.05590170,1
0.020000,-0.150000,1.13030565,0.05590170,1
0.025000,-0.150000,1.13031662,0.05590170,1
0.030000,-0.150000,1.13032818,0.05590170,1
0.035000,-0.150000,1.13034046,0.05590170,1
0.040000,-0.150000,1.13035285,0.05590170,1
0.045000,-0.150000,1.13036549,0.05590170,1
0.050000,-0.150000,1.13037884,0.05590170,1
0.055000,-0.150000,1.13039243,0.05590170,1
0.060000,-0.150000,1.13040590,0.05590170,1
0.065000,-0.150000,1.13041961,0.05590170,1
0.070000,-0.150000,1.13043392,0.05590170,1
0.075000,-0.150000,1.13044870,0.05590170,1
0.080000,-0.150000,1.13046348,0.05488624,1
0.085000,-0.150000,1.13047838,0.05408328,1
0.090000,-0.150000,1.13049376,0.05350234,1
0.095000,-0.150000,1.13050926,0.05315073,1
0.100000,-0.150000,1.13052499,0.05303300,1
0.105000,-0.150000,1.13054073,0.05315072,1
0.110000,-0.150000,1.13055718,0.05350232,1
0.115000,-0.150000,1.13057375,0.05408327,1
0.120000,-0.150000,1.13059056,0.05488625,1
0.125000,-0.150000,1.13060713,0.05590170,1
0.130000,-0.150000,1.13062394,0.05711829,1
0.135000,-0.150000,1.13064134,0.05852351,1
0.140000,-0.150000,1.63065863,0.06010408,0
0.145000,-0.150000,1.63067567,0.06184659,0
0.150000,-0.150000,1.63069260,0.06373774,0
-0.150000,-0.145000,1.63017333,0.11101802,0
-0.145000,-0.145000,1.63016987,0.10752907,0
-0.140000,-0.145000,1.63016653,0.10404327,0
-0.135000,-0.145000,1.63016343,0.10056093,0
-0.130000,-0.145000,1.63016129,0.09708244,0
-0.125000,-0.145000,1.63015950,0.09360824,0
-0.120000,-0.145000,1.63015854,0.09013878,0
-0.115000,-0.145000,1.63015854,0.08667468,0
-0.110000,-0.145000,1.63015866,0.08321659,0
-0.105000,-0.145000,1.63015890,0.07976528,0
-0.100000,-0.145000,1.63015962,0.07632169,0
-0.095000,-0.145000,1.63016140,0.07288690,0
-0.090000,-0.145000,1.63016343,0.06946222,0
-0.085000,-0.145000,1.63016593,0.06604923,0
-0.080000,-0.145000,1.63016820,0.06264982,0
-0.075000,-0.145000,1.13017058,0.05926635,1
-0.070000,-0.145000,1.13017333,0.05590171,1
-0.065000,-0.145000,1.13017690,0.05590170,1
-0.060000,-0.145000,1.13018084,0.05590170,1
-0.055000,-0.145000,1.13018525,0.05590170,1
-0.050000,-0.145000,1.13018990,0.05590170,1
-0.045000,-0.145000,1.13019562,0.05590170,1
-0.040000,-0.145000,1.13020146,0.05590170,1
-0.035000,-0.145000,1.13020790,0.05590170,1
-0.030000,-0.145000,1.13021433,0.05590170,1
-0.025000,-0.145000,1.13022161,0.05590170,1
-0.020000,-0.145000,1.13022864,0.05590170,1
-0.015000,-0.145000,1.13023615,0.05590170,1
-0.010000,-0.145000,1.13024342,0.05590170,1
-0.005000,-0.145000,1.13025105,0.05590170,1
0.000000,-0.145000,1.13025939,0.05590170,1
0.005000,-0.145000,1.13026774,0.05590170,1
0.010000,-0.145000,1.13027632,0.05590170,1
0.015000,-0.145000,1.13028538,0.05590170,1
0.020000,-0.145000,1.13029528,0.05590170,1
0.025000,-0.145000,1.13030565,0.05590170,1
0.030000,-0.145000,1.13031662,0.05590170,1
0.035000,-0.145000,1.13032818,0.05590170,1
0.040000,-0.145000,1.13034046,0.05590170,1
0.045000,-0.145000,1.13035285,0.05590170,1
0.050000,-0.145000,1.13036549,0.05590170,1
0.055000,-0.145000,1.13037884,0.05590170,1
0.060000,-0.145000,1.13039243,0.05590170,1
0.065000,-0.145000,1.13040590,0.05590170,1
0.070000,-0.145000,1.13041961,0.05590169,1
0.075000,-0.145000,1.13043392,0.05488624,1
0.080000,-0.145000,1.13044870,0.05408327,1
0.085000,-0.145000,1.13046348,0.05350233,1
0.090000,-0.145000,1.13047838,0.05315073,1
0.095000,-0.145000,1.13049376,0.05303301,1
0.100000,-0.145000,1.13050926,0.05315074,1
0.105000,-0.145000,1.13052499,0.05350234,1
0.110000,-0.145000,1.13054073,0.05408327,1
0.115000,-0.145000,1.13055718,0.05488624,1
0.120000,-0.145000,1.13057375,0.05590170,1
0.125000,-0.145000,1.13059056,0.05711829,1
0.130000,-0.145000,1.13060713,0.05852349,1
0.135000,-0.145000,1.63062394,0.06010408,0
0.140000,-0.145000,1.63064134,0.06184658,0
0.145000,-0.145000,1.63065863,0.06373774,0
0.150000,-0.145000,1.63067567,0.06576474,0
-0.150000,-0.140000,1.63017738,0.11450984,0
-0.145000,-0.140000,1.63017333,0.11101802,0
-0.140000,-0.140000,1.63016987,0.10752907,0
-0.135000,-0.140000,1.63016653,0.10404327,0
-0.130000,-0.140000,1.63016343,0.10056093,0
-0.125000,-0.140000,1.63016129,0.09708244,0
-0.120000,-0.140000,1.63015950,0.09360822,0
-0.115000,-0.140000,1.63015854,0.09013878,0
-0.110000,-0.140000,1.63015854,0.08667468,0
-0.105000,-0.140000,1.63015866,0.08321658,0
-0.100000,-0.140000,1.63015890,0.07976528,0
-0.095000,-0.140000,1.63015962,0.07632168,0
-0.090000,-0.140000,1.63016140,0.07288690,0
-0.085000,-0.140000,1.63016343,0.06946222,0
-0.080000,-0.140000,1.63016593,0.06604923,0
-0.075000,-0.140000,1.63016820,0.06264982,0
-0.070000,-0.140000,1.13017058,0.05926635,1
-0.065000,-0.140000,1.13017333,0.05590170,1
-0.060000,-0.140000,1.13017690,0.05590170,1
-0.055000,-0.140000,1.13018084,0.05590170,1
-0.050000,-0.140000,1.13018525,0.05590170,1
-0.045000,-0.140000,1.13018990,0.05590170,1
-0.040000,-0.140000,1.13019562,0.05590170,1
-0.035000,-0.140000,1.13020146,0.05590170,1
-0.030000,-0.140000,1.13020790,0.05590170,1
-0.025000,-0.140000,1.13021433,0.05590170,1
-0.020000,-0.140000,1.13022161,0.05590170,1
-0.015000,-0.140000,1.13022864,0.05590170,1
-0.010000,-0.140000,1.13023615,0.05590170,1
-0.005000,-0.140000,1.13024342,0.05590170,1
0.000000,-0.140000,1.13025105,0.05590170,1
0.005000,-0.140000,1.13025939,0.05590170,1
0.010000,-0.140000,1.13026774,0.05590170,1
0.015000,-0.140000,1.13027632,0.05590170,1
0.020000,-0.140000,1.13028538,0.05590170,1
0.025000,-0.140000,1.13029528,0.05590170,1
0.030000,-0.140000,1.13030565,0.05590170,1
0.035000,-0.140000,1.13031662,0.05590170,1
0.040000,-0.140000,1.13032818,0.05590170,1
0.045000,-0.140000,1.13034046,0.05590170,1
0.050000,-0.140000,1.13035285,0.05590170,1
0.055000,-0.140000,1.13036549,0.05590170,1
0.060000,-0.140000,1.13037884,0.05590170,1
0.065000,-0.140000,1.13039243,0.05590170,1
0.070000,-0.140000,1.13040590,0.05488625,1
0.075000,-0.140000,1.13041961,0.05408327,1
0.080000,-0.140000,1.13043392,0.05350234,1
0.085000,-0.140000,1.13044870,0.05315072,1
0.090000,-0.140000,1.13046348,0.05303301,1
0.095000,-0.140000,1.13047838,0.05315073,1
0.100000,-0.140000,1.13049376,0.05350234,1
0.105000,-0.140000,1.13050926,0.05408327,1
0.110000,-0.140000,1.13052499,0.05488624,1
0.115000,-0.140000,1.13054073,0.05590170,1
0.120000,-0.140000,1.13055718,0.05711829,1
0.125000,-0.140000,1.13057375,0.05852349,1
0.130000,-0.140000,1.63059056,0.06010406,0
0.135000,-0.140000,1.63060713,0.06184658,0
0.140000,-0.140000,1.63062394,0.06373774,0
0.145000,-0.140000,1.63064134,0.06576473,0
0.150000,-0.140000,1.63065863,0.06791539,0
-0.150000,-0.135000,1.63018215,0.11800424,0
-0.145000,-0.135000,1.63017738,0.11450983,0
-0.140000,-0.135000,1.63017333,0.11101802,0
-0.135000,-0.135000,1.63016987,0.10752907,0
-0.130000,-0.135000,1.63016653,0.10404326,0
-0.125000,-0.135000,1.63016343,0.10056093,0
-0.120000,-0.135000,1.63016129,0.09708244,0
-0.115000,-0.135000,1.63015950,0.09360822,0
-0.110000,-0.135000,1.63015854,0.09013878,0
-0.105000,-0.135000,1.63015854,0.08667467,0
-0.100000,-0.135000,1.63015866,0.08321658,0
-0.095000,-0.135000,1.63015890,0.07976528,0
-0.090000,-0.135000,1.63015962,0.07632168,0
-0.085000,-0.135000,1.63016140,0.07288690,0
-0.080000,-0.135000,1.63016343,0.06946222,0
-0.075000,-0.135000,1.63016593,0.06604923,0
-0.070000,-0.135000,1.63016820,0.06264982,0
-0.065000,-0.135000,1.13017058,0.05926634,1
-0.060000,-0.135000,1.13017333,0.05590170,1
-0.055000,-0.135000,1.13017690,0.05590170,1
-0.050000,-0.135000,1.13018084,0.05590170,1
-0.045000,-0.135000,1.13018525,0.05590170,1
-0.040000,-0.135000,1.13018990,0.05590170,1
-0.035000,-0.135000,1.13019562,0.05590170,1
-0.030000,-0.135000,1.13020146,0.05590170,1
-0.025000,-0.135000,1.13020790,0.05590170,1
-0.020000,-0.135000,1.13021433,0.05590170,1
-0.015000,-0.135000,1.13022161,0.05590170,1
-0.010000,-0.135000,1.13022864,0.05590170,1
-0.005000,-0.135000,1.13023615,0.05590170,1
0.000000,-0.135000,1.13024342,0.05590170,1
0.005000,-0.135000,1.13025105,0.05590170,1
0.010000,-0.135000,1.13025939,0.05590170,1
0.015000,-0.135000,1.13026774,0.05590170,1
0.020000,-0.135000,1.13027632,0.05590170,1
0.025000,-0.135000,1.13028538,0.05590170,1
0.030000,-0.135000,1.13029528,0.05590170,1
0.035000,-0.135000,1.13030565,0.05590170,1
0.040000,-0.135000,1.13031662,0.05590170,1
0.045000,-0.135000,1.13032818,0.05590170,1
0.050000,-0.135000,1.13034046,0.05590170,1
0.055000,-0.135000,1.13035285,0.05590170,1
0.060000,-0.135000,1.13036549,0.05590170,1
0.065000,-0.135000,1.13037884,0.05488624,1
0.070000,-0.135000,1.13039243,0.05408328,1
0.075000,-0.135000,1.13040590,0.05350234,1
0.080000,-0.135000,1.13041961,0.05315073,1
0.085000,-0.135000,1.13043392,0.05303300,1
0.090000,-0.135000,1.13044870,0.05315073,1
0.095000,-0.135000,1.13046348,0.05350234,1
0.100000,-0.135000,1.13047838,0.05408327,1
0.105000,-0.135000,1.13049376,0.05488625,1
0.110000,-0.135000,1.13050926,0.05590170,1
0.115000,-0.135000,1.13052499,0.05711829,1
0.120000,-0.135000,1.13054073,0.05852349,1
0.125000,-0.135000,1.63055718,0.06010406,0
0.130000,-0.135000,1.63057375,0.06184657,0
0.135000,-0.135000,1.63059056,0.06373774,0
0.140000,-0.135000,1.63060713,0.06576473,0
0.145000,-0.135000,1.63062394,0.06791539,0
0.150000,-0.135000,1.63064134,0.07017835,0
-0.150000,-0.130000,1.63018715,0.12150104,0
-0.145000,-0.130000,1.63018215,0.11800425,0
-0.140000,-0.130000,1.63017738,0.11450984,0
-0.135000,-0.130000,1.63017333,0.11101803,0
-0.130000,-0.130000,1.63016987,0.10752907,0
-0.125000,-0.130000,1.63016653,0.10404327,0
-0.120000,-0.130000,1.63016343,0.10056093,0
-0.115000,-0.130000,1.63016129,0.09708244,0
-0.110000,-0.130000,1.63015950,0.09360823,0
-0.105000,-0.130000,1.63015854,0.09013878,0
-0.100000,-0.130000,1.63015854,0.08667468,0
-0.095000,-0.130000,1.63015866,0.08321659,0
-0.090000,-0.130000,1.63015890,0.07976529,0
-0.085000,-0.130000,1.63015962,0.07632169,0
-0.080000,-0.130000,1.63016140,0.07288690,0
-0.075000,-0.130000,1.63016343,0.06946222,0
-0.070000,-0.130000,1.63016593,0.06604923,0
-0.065000,-0.130000,1.63016820,0.06264982,0
-0.060000,-0.130000,1.13017058,0.05926635,1
-0.055000,-0.130000,1.13017333,0.05590171,1
-0.050000,-0.130000,1.13017690,0.05590170,1
-0.045000,-0.130000,1.13018084,0.05590170,1
-0.040000,-0.130000,1.13018525,0.05590170,1
-0.035000,-0.130000,1.13018990,0.05590170,1
-0.030000,-0.130000,1.13019562,0.05590170,1
-0.025000,-0.130000,1.13020146,0.05590170,1
-0.020000,-0.130000,1.13020790,0.05590170,1
-0.015000,-0.130000,1.13021433,0.05590170,1
-0.010000,-0.130000,1.13022161,0.05590170,1
-0.005000,-0.130000,1.13022864,0.05590170,1
0.000000,-0.130000,1.13023615,0.05590170,1
0.005000,-0.130000,1.13024342,0.05590170,1
0.010000,-0.130000,1.13025105,0.05590170,1
0.015000,-0.130000,1.13025939,0.05590170,1
0.020000,-0.130000,1.13026774,0.05590170,1
0.025000,-0.130000,1.13027632,0.05590170,1
0.030000,-0.130000,1.13028538,0.05590170,1
0.035000,-0.130000,1.13029528,0.05590170,1
0.040000,-0.130000,1.13030565,0.05590170,1
0.045000,-0.130000,1.13031662,0.05590170,1
0.050000,-0.130000,1.13032818,0.05590170,1
0.055000,-0.130000,1.13034046,0.05590169,1
0.060000,-0.130000,1.13035285,0.05488625,1
0.065000,-0.130000,1.13036549,0.05408327,1
0.070000,-0.130000,1.13037884,0.05350233,1
0.075000,-0.130000,1.13039243,0.05315073,1
0.080000,-0.130000,1.13040590,0.05303301,1
0.085000,-0.130000,1.13041961,0.05315074,1
0.090000,-0.130000,1.13043392,0.05350234,1
0.095000,-0.130000,1.13044870,0.05408327,1
0.100000,-0.130000,1.13046348,0.05488624,1
0.105000,-0.130000,1.13047838,0.05590170,1
0.110000,-0.130000,1.13049376,0.05711830,1
0.115000,-0.130000,1.13050926,0.05852351,1
0.120000,-0.130000,1.63052499,0.06010408,0
0.125000,-0.130000,1.63054073,0.06184658,0
0.130000,-0.130000,1.63055718,0.06373774,0
0.135000,-0.130000,1.63057375,0.06576473,0
0.140000,-0.130000,1.63059056,0.06791539,0
0.145000,-0.130000,1.63060713,0.07017834,0
0.150000,-0.130000,1.63062394,0.07254310,0
-0.150000,-0.125000,1.63019228,0.12500000,0
-0.145000,-0.125000,1.63018715,0.12150104,0
-0.140000,-0.125000,1.63018215,0.11800425,0
-0.135000,-0.125000,1.63017738,0.11450984,0
-0.130000,-0.125000,1.63017333,0.11101802,0
-0.125000,-0.125000,1.63016987,0.10752907,0
-0.120000,-0.125000,1.63016653,0.10404325,0
-0.115000,-0.125000,1.63016343,0.10056093,0
-0.110000,-0.125000,1.63016129,0.09708244,0
-0.105000,-0.125000,1.63015950,0.09360822,0
-0.100000,-0.125000,1.63015854,0.09013878,0
-0.095000,-0.125000,1.63015854,0.08667468,0
-0.090000,-0.125000,1.63015866,0.08321659,0
-0.085000,-0.125000,1.63015890,0.07976528,0
-0.080000,-0.125000,1.63015962,0.07632168,0
-0.075000,-0.125000,1.63016140,0.07288690,0
-0.070000,-0.125000,1.63016343,0.06946222,0
-0.065000,-0.125000,1.63016593,0.06604923,0
-0.060000,-0.125000,1.63016820,0.06264982,0
-0.055000,-0.125000,1.13017058,0.05926635,1
-0.050000,-0.125000,1.13017333,0.05590170,1
-0.045000,-0.125000,1.13017690,0.05590170,1
-0.040000,-0.125000,1.13018084,0.05590170,1
-0.035000,-0.125000,1.13018525,0.05590170,1
-0.030000,-0.125000,1.13018990,0.05590170,1
-0.025000,-0.125000,1.13019562,0.05590170,1
-0.020000,-0.125000,1.13020146,0.05590170,1
-0.015000,-0.125000,1.13020790,0.05590170,1
-0.010000,-0.125000,1.13021433,0.05590170,1
-0.005000,-0.125000,1.13022161,0.05590170,1
0.000000,-0.125000,1.13022864,0.05590170,1
0.005000,-0.125000,1.13023615,0.05590170,1
0.010000,-0.125000,1.13024342,0.05590170,1
0.015000,-0.125000,1.13025105,0.05590170,1
0.020000,-0.125000,1.13025939,0.05590170,1
0.025000,-0.125000,1.13026774,0.05590170,1
0.030000,-0.125000,1.13027632,0.05590170,1
0.035000,-0.125000,1.13028538,0.05590170,1
0.040000,-0.125000,1.13029528,0.05590170,1
0.045000,-0.125000,1.13030565,0.05590170,1
0.050000,-0.125000,1.13031662,0.05590170,1
0.055000,-0.125000,1.13032818,0.05488625,1
0.060000,-0.125000,1.13034046,0.05408327,1
0.065000,-0.125000,1.13035285,0.05350234,1
0.070000,-0.125000,1.13036549,0.05315072,1
0.075000,-0.125000,1.13037884,0.05303301,1
0.080000,-0.125000,1.13039243,0.05315073,1
0.085000,-0.125000,1.13040590,0.05350234,1
0.090000,-0.125000,1.13041961,0.05408327,1
0.095000,-0.125000,1.13043392,0.05488624,1
0.100000,-0.125000,1.13044870,0.05590170,1
0.105000,-0.125000,1.13046348,0.05711829,1
0.110000,-0.125000,1.13047838,0.05852350,1
0.115000,-0.125000,1.63049376,0.06010408,0
0.120000,-0.125000,1.63050926,0.06184659,0
0.125000,-0.125000,1.63052499,0.06373774,0
0.130000,-0.125000,1.63054073,0.06576473,0
0.135000,-0.125000,1.63055718,0.06791539,0
0.140000,-0.125000,1.63057375,0.07017834,0
0.145000,-0.125000,1.63059056,0.07254308,0
0.150000,-0.125000,1.63060713,0.07500000,0
-0.150000,-0.120000,1.63019741,0.12850098,0
-0.145000,-0.120000,1.63019228,0.12500000,0
-0.140000,-0.120000,1.63018715,0.12150104,0
-0.135000,-0.120000,1.63018215,0.11800425,0
-0.130000,-0.120000,1.63017738,0.11450983,0
-0.125000,-0.120000,1.63017333,0.11101802,0
-0.120000,-0.120000,1.63016987,0.10752907,0
-0.115000,-0.120000,1.63016653,0.10404327,0
-0.110000,-0.120000,1.63016343,0.10056093,0
-0.105000,-0.120000,1.63016129,0.09708244,0
-0.100000,-0.120000,1.63015950,0.09360823,0
-0.095000,-0.120000,1.63015854,0.09013879,0
-0.090000,-0.120000,1.63015854,0.08667469,0
-0.085000,-0.120000,1.63015866,0.08321659,0
-0.080000,-0.120000,1.63015890,0.07976529,0
-0.075000,-0.120000,1.63015962,0.07632170,0
-0.070000,-0.120000,1.63016140,0.07288690,0
-0.065000,-0.120000,1.63016343,0.06946222,0
-0.060000,-0.120000,1.63016593,0.06604923,0
-0.055000,-0.120000,1.63016820,0.06264982,0
-0.050000,-0.120000,1.13017058,0.05926635,1
-0.045000,-0.120000,1.13017333,0.05590171,1
-0.040000,-0.120000,1.13017690,0.05590170,1
-0.035000,-0.120000,1.13018084,0.05590170,1
-0.030000,-0.120000,1.13018525,0.05590170,1
-0.025000,-0.120000,1.13018990,0.05590170,1
-0.020000,-0.120000,1.13019562,0.05590170,1
-0.015000,-0.120000,1.13020146,0.05590170,1
-0.010000,-0.120000,1.13020790,0.05590170,1
-0.005000,-0.120000,1.13021433,0.05590170,1
0.000000,-0.120000,1.13022161,0.05590170,1
0.005000,-0.120000,1.13022864,0.05590170,1
0.010000,-0.120000,1.13023615,0.05590170,1
0.015000,-0.120000,1.13024342,0.05590170,1
0.020000,-0.120000,1.13025105,0.05590170,1
0.025000,-0.120000,1.13025939,0.05590170,1
0.030000,-0.120000,1.13026774,0.05590170,1
0.035000,-0.120000,1.13027632,0.05590170,1
0.040000,-0.120000,1.13028538,0.05590170,1
0.045000,-0.120000,1.13029528,0.05590169,1
0.050000,-0.120000,1.13030565,0.05488625,1
0.055000,-0.120000,1.13031662,0.05408327,1
0.060000,-0.120000,1.13032818,0.05350233,1
0.065000,-0.120000,1.13034046,0.05315073,1
0.070000,-0.120000,1.13035285,0.05303301,1
0.075000,-0.120000,1.13036549,0.05315072,1
0.080000,-0.120000,1.13037884,0.05350233,1
0.085000,-0.120000,1.13039243,0.05408327,1
0.090000,-0.120000,1.13040590,0.05488625,1
0.095000,-0.120000,1.13041961,0.05590170,1
0.100000,-0.120000,1.13043392,0.05711830,1
0.105000,-0.120000,1.13044870,0.05852350,1
0.110000,-0.120000,1.63046348,0.06010407,0
0.115000,-0.120000,1.63047838,0.06184658,0
0.120000,-0.120000,1.63049376,0.06373774,0
0.125000,-0.120000,1.63050926,0.06576474,0
0.130000,-0.120000,1.63052499,0.06791539,0
0.135000,-0.120000,1.63054073,0.07017834,0
0.140000,-0.120000,1.63055718,0.07254309,0
0.145000,-0.120000,1.63057375,0.07500000,0
0.150000,-0.120000,1.63059056,0.07754032,0
-0.150000,-0.115000,1.63020325,0.13200380,0
-0.145000,-0.115000,1.63019741,0.12850097,0
-0.140000,-0.115000,1.63019228,0.12500000,0
-0.135000,-0.115000,1.63018715,0.12150104,0
-0.130000,-0.115000,1.63018215,0.11800424,0
-0.125000,-0.115000,1.63017738,0.11450983,0
-0.120000,-0.115000,1.63017333,0.11101802,0
-0.115000,-0.115000,1.63016987,0.10752907,0
-0.110000,-0.115000,1.63016653,0.10404326,0
-0.105000,-0.115000,1.63016343,0.10056092,0
-0.100000,-0.115000,1.63016129,0.09708244,0
-0.095000,-0.115000,1.63015950,0.09360823,0
-0.090000,-0.115000,1.63015854,0.09013879,0
-0.085000,-0.115000,1.63015854,0.08667468,0
-0.080000,-0.115000,1.63015866,0.08321659,0
-0.075000,-0.115000,1.63015890,0.07976529,0
-0.070000,-0.115000,1.63015962,0.07632168,0
-0.065000,-0.115000,1.63016140,0.07288690,0
-0.060000,-0.115000,1.63016343,0.06946222,0
-0.055000,-0.115000,1.63016593,0.06604923,0
-0.050000,-0.115000,1.63016820,0.06264982,0
-0.045000,-0.115000,1.13017058,0.05926635,1
-0.040000,-0.115000,1.13017333,0.05590170,1
-0.035000,-0.115000,1.13017690,0.05590170,1
-0.030000,-0.115000,1.13018084,0.05590170,1
-0.025000,-0.115000,1.13018525,0.05590170,1
-0.020000,-0.115000,1.13018990,0.05590170,1
-0.015000,-0.115000,1.13019562,0.05590170,1
-0.010000,-0.115000,1.13020146,0.05590170,1
-0.005000,-0.115000,1.13020790,0.05590170,1
0.000000,-0.115000,1.13021433,0.05590170,1
0.005000,-0.115000,1.13022161,0.05590170,1
0.010000,-0.115000,1.13022864,0.05590170,1
0.015000,-0.115000,1.13023615,0.05590170,1
0.020000,-0.115000,1.13024342,0.05590170,1
0.025000,-0.115000,1.13025105,0.05590170,1
0.030000,-0.115000,1.13025939,0.05590170,1
0.035000,-0.115000,1.13026774,0.05590170,1
0.040000,-0.115000,1.13027632,0.05590170,1
0.045000,-0.115000,1.13028538,0.05488624,1
0.050000,-0.115000,1.13029528,0.05408327,1
0.055000,-0.115000,1.13030565,0.05350234,1
0.060000,-0.115000,1.13031662,0.05315073,1
0.065000,-0.115000,1.13032818,0.05303301,1
0.070000,-0.115000,1.13034046,0.05315073,1
0.075000,-0.115000,1.13035285,0.05350233,1
0.080000,-0.115000,1.13036549,0.05408327,1
0.085000,-0.115000,1.13037884,0.05488624,1
0.090000,-0.115000,1.13039243,0.05590170,1
0.095000,-0.115000,1.13040590,0.05711830,1
0.100000,-0.115000,1.13041961,0.05852350,1
0.105000,-0.115000,1.63043392,0.06010407,0
0.110000,-0.115000,1.63044870,0.06184658,0
0.115000,-0.115000,1.63046348,0.06373774,0
0.120000,-0.115000,1.63047838,0.06576473,0
0.125000,-0.115000,1.63049376,0.06791539,0
0.130000,-0.115000,1.63050926,0.07017834,0
0.135000,-0.115000,1.63052499,0.07254309,0
0.140000,-0.115000,1.63054073,0.07500000,0
0.145000,-0.115000,1.63055718,0.07754031,0
0.150000,-0.115000,1.63057375,0.08015610,0
-0.150000,-0.110000,1.63020933,0.13550831,0
-0.145000,-0.110000,1.63020325,0.13200378,0
-0.140000,-0.110000,1.63019741,0.12850098,0
-0.135000,-0.110000,1.63019228,0.12500000,0
-0.130000,-0.110000,1.63018715,0.12150102,0
-0.125000,-0.110000,1.63018215,0.11800424,0
-0.120000,-0.110000,1.63017738,0.11450983,0
-0.115000,-0.110000,1.63017333,0.11101802,0
-0.110000,-0.110000,1.63016987,0.10752907,0
-0.105000,-0.110000,1.63016653,0.10404325,0
-0.100000,-0.110000,1.63016343,0.10056093,0
-0.095000,-0.110000,1.63016129,0.09708244,0
-0.090000,-0.110000,1.63015950,0.09360823,0
-0.085000,-0.110000,1.63015854,0.09013878,0
-0.080000,-0.110000,1.63015854,0.08667468,0
-0.075000,-0.110000,1.63015866,0.08321659,0
-0.070000,-0.110000,1.63015890,0.07976528,0
-0.065000,-0.110000,1.63015962,0.07632168,0
-0.060000,-0.110000,1.63016140,0.07288690,0
-0.055000,-0.110000,1.63016343,0.06946222,0
-0.050000,-0.110000,1.63016593,0.06604923,0
-0.045000,-0.110000,1.63016820,0.06264982,0
-0.040000,-0.110000,1.13017058,0.05926635,1
-0.035000,-0.110000,1.13017333,0.05590170,1
-0.030000,-0.110000,1.13017690,0.05590170,1
-0.025000,-0.110000,1.13018084,0.05590170,1
-0.020000,-0.110000,1.13018525,0.05590170,1
-0.015000,-0.110000,1.13018990,0.05590170,1
-0.010000,-0.110000,1.13019562,0.05590170,1
-0.005000,-0.110000,1.13020146,0.05590170,1
0.000000,-0.110000,1.13020790,0.05590170,1
0.005000,-0.110000,1.13021433,0.05590170,1
0.010000,-0.110000,1.13022161,0.05590170,1
0.015000,-0.110000,1.13022864,0.05590170,1
0.020000,-0.110000,1.13023615,0.05590170,1
0.025000,-0.110000,1.13024342,0.05590170,1
0.030000,-0.110000,1.13025105,0.05590170,1
0.035000,-0.110000,1.13025939,0.05590170,1
0.040000,-0.110000,1.13026774,0.05488625,1
0.045000,-0.110000,1.13027632,0.05408327,1
0.050000,-0.110000,1.13028538,0.05350233,1
0.055000,-0.110000,1.13029528,0.05315072,1
0.060000,-0.110000,1.13030565,0.05303301,1
0.065000,-0.110000,1.13031662,0.05315073,1
0.070000,-0.110000,1.13032818,0.05350234,1
0.075000,-0.110000,1.13034046,0.05408327,1
0.080000,-0.110000,1.13035285,0.05488624,1
0.085000,-0.110000,1.13036549,0.05590170,1
0.090000,-0.110000,1.13037884,0.05711830,1
0.095000,-0.110000,1.13039243,0.05852350,1
0.100000,-0.110000,1.63040590,0.06010408,0
0.105000,-0.110000,1.63041961,0.06184659,0
0.110000,-0.110000,1.63043392,0.06373774,0
0.115000,-0.110000,1.63044870,0.06576473,0
0.120000,-0.110000,1.63046348,0.06791539,0
0.125000,-0.110000,1.63047838,0.07017834,0
0.130000,-0.110000,1.63049376,0.07254309,0
0.135000,-0.110000,1.63050926,0.07500000,0
0.140000,-0.110000,1.63052499,0.07754032,0
0.145000,-0.110000,1.63054073,0.08015610,0
0.150000,-0.110000,1.63055718,0.08284020,0
-0.150000,-0.105000,1.63021576,0.13901439,0
-0.145000,-0.105000,1.63020933,0.13550830,0
-0.140000,-0.105000,1.63020325,0.13200380,0
-0.135000,-0.105000,1.63019741,0.12850098,0
-0.130000,-0.105000,1.63019228,0.12500000,0
-0.125000,-0.105000,1.63018715,0.12150104,0
-0.120000,-0.105000,1.63018215,0.11800424,0
-0.115000,-0.105000,1.63017738,0.11450983,0
-0.110000,-0.105000,1.63017333,0.11101802,0
-0.105000,-0.105000,1.63016987,0.10752907,0
-0.100000,-0.105000,1.63016653,0.10404327,0
-0.095000,-0.105000,1.63016343,0.10056093,0
-0.090000,-0.105000,1.63016129,0.09708245,0
-0.085000,-0.105000,1.63015950,0.09360823,0
-0.080000,-0.105000,1.63015854,0.09013879,0
-0.075000,-0.105000,1.63015854,0.08667469,0
-0.070000,-0.105000,1.63015866,0.08321659,0
-0.065000,-0.105000,1.63015890,0.07976529,0
-0.060000,-0.105000,1.63015962,0.07632169,0
-0.055000,-0.105000,1.63016140,0.07288690,0
-0.050000,-0.105000,1.63016343,0.06946222,0
-0.045000,-0.105000,1.63016593,0.06604923,0
-0.040000,-0.105000,1.63016820,0.06264982,0
-0.035000,-0.105000,1.13017058,0.05926635,1
-0.030000,-0.105000,1.13017333,0.05590170,1
-0.025000,-0.105000,1.13017690,0.05590170,1
-0.020000,-0.105000,1.13018084,0.05590170,1
-0.015000,-0.105000,1.13018525,0.05590170,1
-0.010000,-0.105000,1.13018990,0.05590170,1
-0.005000,-0.105000,1.13019562,0.05590170,1
0.000000,-0.105000,1.13020146,0.05590170,1
0.005000,-0.105000,1.13020790,0.05590170,1
0.010000,-0.105000,1.13021433,0.05590170,1
0.015000,-0.105000,1.13022161,0.05590170,1
0.020000,-0.105000,1.13022864,0.05590170,1
0.025000,-0.105000,1.13023615,0.05590170,1
0.030000,-0.105000,1.13024342,0.05590170,1
0.035000,-0.105000,1.13025105,0.05488625,1
0.040000,-0.105000,1.13025939,0.05408327,1
0.045000,-0.105000,1.13026774,0.05350234,1
0.050000,-0.105000,1.13027632,0.05315073,1
0.055000,-0.105000,1.13028538,0.05303301,1
0.060000,-0.105000,1.13029528,0.05315073,1
0.065000,-0.105000,1.13030565,0.05350233,1
0.070000,-0.105000,1.13031662,0.05408327,1
0.075000,-0.105000,1.13032818,0.05488625,1
0.080000,-0.105000,1.13034046,0.05590170,1
0.085000,-0.105000,1.13035285,0.05711830,1
0.090000,-0.105000,1.13036549,0.05852350,1
0.095000,-0.105000,1.63037884,0.06010407,0
0.100000,-0.105000,1.63039243,0.06184658,0
0.105000,-0.105000,1.63040590,0.06373774,0
0.110000,-0.105000,1.63041961,0.06576474,0
0.115000,-0.105000,1.63043392,0.06791539,0
0.120000,-0.105000,1.63044870,0.07017834,0
0.125000,-0.105000,1.63046348,0.07254309,0
0.130000,-0.105000,1.63047838,0.07500000,0
0.135000,-0.105000,1.63049376,0.07754032,0
0.140000,-0.105000,1.63050926,0.08015610,0
0.145000,-0.105000,1.63052499,0.08284021,0
0.150000,-0.105000,1.63054073,0.08558622,0
-0.150000,-0.100000,1.63022220,0.14252193,0
-0.145000,-0.100000,1.63021576,0.13901438,0
-0.140000,-0.100000,1.63020933,0.13550830,0
-0.135000,-0.100000,1.63020325,0.13200380,0
-0.130000,-0.100000,1.63019741,0.12850097,0
-0.125000,-0.100000,1.63019228,0.12500000,0
-0.120000,-0.100000,1.63018715,0.12150102,0
-0.115000,-0.100000,1.63018215,0.11800424,0
-0.110000,-0.100000,1.63017738,0.11450983,0
-0.105000,-0.100000,1.63017333,0.11101802,0
-0.100000,-0.100000,1.63016987,0.10752907,0
-0.095000,-0.100000,1.63016653,0.10404326,0
-0.090000,-0.100000,1.63016343,0.10056093,0
-0.085000,-0.100000,1.63016129,0.09708244,0
-0.080000,-0.100000,1.63015950,0.09360823,0
-0.075000,-0.100000,1.63015854,0.09013879,0
-0.070000,-0.100000,1.63015854,0.08667468,0
-0.065000,-0.100000,1.63015866,0.08321659,0
-0.060000,-0.100000,1.63015890,0.07976528,0
-0.055000,-0.100000,1.63015962,0.07632168,0
-0.050000,-0.100000,1.63016140,0.07288690,0
-0.045000,-0.100000,1.63016343,0.06946222,0
-0.040000,-0.100000,1.63016593,0.06604923,0
-0.035000,-0.100000,1.63016820,0.06264982,0
-0.030000,-0.100000,1.13017058,0.05926635,1
-0.025000,-0.100000,1.13017333,0.05590170,1
-0.020000,-0.100000,1.13017690,0.05590170,1
-0.015000,-0.100000,1.13018084,0.05590170,1
-0.010000,-0.100000,1.13018525,0.05590170,1
-0.005000,-0.100000,1.13018990,0.05590170,1
0.000000,-0.100000,1.13019562,0.05590170,1
0.005000,-0.100000,1.13020146,0.05590170,1
0.010000,-0.100000,1.13020790,0.05590170,1
0.015000,-0.100000,1.13021433,0.05590170,1
0.020000,-0.100000,1.13022161,0.05590170,1
0.025000,-0.100000,1.13022864,0.05590170,1
0.030000,-0.100000,1.13023615,0.05488624,1
0.035000,-0.100000,1.13024342,0.05408327,1
0.040000,-0.100000,1.13025105,0.05350234,1
0.045000,-0.100000,1.13025939,0.05315073,1
0.050000,-0.100000,1.13026774,0.05303301,1
0.055000,-0.100000,1.13027632,0.05315073,1
0.060000,-0.100000,1.13028538,0.05350233,1
0.065000,-0.100000,1.13029528,0.05408327,1
0.070000,-0.100000,1.13030565,0.05488624,1
0.075000,-0.100000,1.13031662,0.05590170,1
0.080000,-0.100000,1.13032818,0.05711830,1
0.085000,-0.100000,1.13034046,0.05852350,1
0.090000,-0.100000,1.63035285,0.06010407,0
0.095000,-0.100000,1.63036549,0.06184658,0
0.100000,-0.100000,1.63037884,0.06373774,0
0.105000,-0.100000,1.63039243,0.06576473,0
0.110000,-0.100000,1.63040590,0.06791539,0
0.115000,-0.100000,1.63041961,0.07017834,0
0.120000,-0.100000,1.63043392,0.07254309,0
0.125000,-0.100000,1.63044870,0.07500000,0
0.130000,-0.100000,1.63046348,0.07754031,0
0.135000,-0.100000,1.63047838,0.08015610,0
0.140000,-0.100000,1.63049376,0.08284021,0
0.145000,-0.100000,1.63050926,0.08558621,0
0.150000,-0.100000,1.63052499,0.08838835,0
-0.150000,-0.095000,1.63022971,0.14603083,0
-0.145000,-0.095000,1.63022220,0.14252193,0
-0.140000,-0.095000,1.63021576,0.13901438,0
-0.135000,-0.095000,1.63020933,0.13550830,0
-0.130000,-0.095000,1.63020325,0.13200378,0
-0.125000,-0.095000,1.63019741,0.12850098,0
-0.120000,-0.095000,1.63019228,0.12499999,0
-0.115000,-0.095000,1.63018715,0.12150103,0
-0.110000,-0.095000,1.63018215,0.11800424,0
-0.105000,-0.095000,1.63017738,0.11450983,0
-0.100000,-0.095000,1.63017333,0.11101802,0
-0.095000,-0.095000,1.63016987,0.10752907,0
-0.090000,-0.095000,1.63016653,0.10404327,0
-0.085000,-0.095000,1.63016343,0.10056093,0
-0.080000,-0.095000,1.63016129,0.09708244,0
-0.075000,-0.095000,1.63015950,0.09360823,0
-0.070000,-0.095000,1.63015854,0.09013878,0
-0.065000,-0.095000,1.63015854,0.08667468,0
-0.060000,-0.095000,1.63015866,0.08321659,0
-0.055000,-0.095000,1.63015890,0.07976528,0
-0.050000,-0.095000,1.63015962,0.07632169,0
-0.045000,-0.095000,1.63016140,0.07288690,0
-0.040000,-0.095000,1.63016343,0.06946222,0
-0.035000,-0.095000,1.63016593,0.06604923,0
-0.030000,-0.095000,1.63016820,0.06264982,0
-0.025000,-0.095000,1.13017058,0.05926635,1
-0.020000,-0.095000,1.13017333,0.05590170,1
-0.015000,-0.095000,1.13017690,0.05590170,1
-0.010000,-0.095000,1.13018084,0.05590170,1
-0.005000,-0.095000,1.13018525,0.05590170,1
0.000000,-0.095000,1.13018990,0.05590170,1
0.005000,-0.095000,1.13019562,0.05590170,1
0.010000,-0.095000,1.13020146,0.05590170,1
0.015000,-0.095000,1.13020790,0.05590170,1
0.020000,-0.095000,1.13021433,0.05590170,1
0.025000,-0.095000,1.13022161,0.05488624,1
0.030000,-0.095000,1.13022864,0.05408327,1
0.035000,-0.095000,1.13023615,0.05350233,1
0.040000,-0.095000,1.13024342,0.05315072,1
0.045000,-0.095000,1.13025105,0.05303301,1
0.050000,-0.095000,1.13025939,0.05315073,1
0.055000,-0.095000,1.13026774,0.05350234,1
0.060000,-0.095000,1.13027632,0.05408327,1
0.065000,-0.095000,1.13028538,0.05488624,1
0.070000,-0.095000,1.13029528,0.05590170,1
0.075000,-0.095000,1.13030565,0.05711830,1
0.080000,-0.095000,1.13031662,0.05852350,1
0.085000,-0.095000,1.63032818,0.06010408,0
0.090000,-0.095000,1.63034046,0.06184658,0
0.095000,-0.095000,1.63035285,0.06373774,0
0.100000,-0.095000,1.63036549,0.06576473,0
0.105000,-0.095000,1.63037884,0.06791539,0
0.110000,-0.095000,1.63039243,0.07017834,0
0.115000,-0.095000,1.63040590,0.07254310,0
0.120000,-0.095000,1.63041961,0.07500000,0
0.125000,-0.095000,1.63043392,0.07754032,0
0.130000,-0.095000,1.63044870,0.08015610,0
0.135000,-0.095000,1.63046348,0.08284021,0
0.140000,-0.095000,1.63047838,0.08558621,0
0.145000,-0.095000,1.63049376,0.08838835,0
0.150000,-0.095000,1.63050926,0.09124144,0
-0.150000,-0.090000,1.63023734,0.14954098,0
-0.145000,-0.090000,1.63022971,0.14603081,0
-0.140000,-0.090000,1.63022220,0.14252193,0
-0.135000,-0.090000,1.63021576,0.13901438,0
-0.130000,-0.090000,1.63020933,0.13550830,0
-0.125000,-0.090000,1.63020325,0.13200378,0
-0.120000,-0.090000,1.63019741,0.12850097,0
-0.115000,-0.090000,1.63019228,0.12499999,0
-0.110000,-0.090000,1.63018715,0.12150102,0
-0.105000,-0.090000,1.63018215,0.11800423,0
-0.100000,-0.090000,1.63017738,0.11450983,0
-0.095000,-0.090000,1.63017333,0.11101802,0
-0.090000,-0.090000,1.63016987,0.10752907,0
-0.085000,-0.090000,1.63016653,0.10404325,0
-0.080000,-0.090000,1.63016343,0.10056092,0
-0.075000,-0.090000,1.63016129,0.09708244,0
-0.070000,-0.090000,1.63015950,0.09360822,0
-0.065000,-0.090000,1.63015854,0.09013878,0
-0.060000,-0.090000,1.63015854,0.08667468,0
-0.055000,-0.090000,1.63015866,0.08321658,0
-0.050000,-0.090000,1.63015890,0.07976528,0
-0.045000,-0.090000,1.63015962,0.07632168,0
-0.040000,-0.090000,1.63016140,0.07288690,0
-0.035000,-0.090000,1.63016343,0.06946222,0
-0.030000,-0.090000,1.63016593,0.06604922,0
-0.025000,-0.090000,1.63016820,0.06264982,0
-0.020000,-0.090000,1.13017058,0.05926635,1
-0.015000,-0.090000,1.13017333,0.05590170,1
-0.010000,-0.090000,1.13017690,0.05590170,1
-0.005000,-0.090000,1.13018084,0.05590170,1
0.000000,-0.090000,1.13018525,0.05590170,1
0.005000,-0.090000,1.13018990,0.05590170,1
0.010000,-0.090000,1.13019562,0.05590170,1
0.015000,-0.090000,1.13020146,0.05590170,1
0.020000,-0.090000,1.13020790,0.05488624,1
0.025000,-0.090000,1.13021433,0.05408327,1
0.030000,-0.090000,1.13022161,0.05350234,1
0.035000,-0.090000,1.13022864,0.05315073,1
0.040000,-0.090000,1.13023615,0.05303300,1
0.045000,-0.090000,1.13024342,0.05315073,1
0.050000,-0.090000,1.13025105,0.05350233,1
0.055000,-0.090000,1.13025939,0.05408327,1
0.060000,-0.090000,1.13026774,0.05488625,1
0.065000,-0.090000,1.13027632,0.05590170,1
0.070000,-0.090000,1.13028538,0.05711829,1
0.075000,-0.090000,1.13029528,0.05852350,1
0.080000,-0.090000,1.63030565,0.06010407,0
0.085000,-0.090000,1.63031662,0.06184659,0
0.090000,-0.090000,1.63032818,0.06373774,0
0.095000,-0.090000,1.63034046,0.06576473,0
0.100000,-0.090000,1.63035285,0.06791539,0
0.105000,-0.090000,1.63036549,0.07017834,0
0.110000,-0.090000,1.63037884,0.07254309,0
0.115000,-0.090000,1.63039243,0.07500000,0
0.120000,-0.090000,1.63040590,0.07754032,0
0.125000,-0.090000,1.63041961,0.08015610,0
0.130000,-0.090000,1.63043392,0.08284020,0
0.135000,-0.090000,1.63044870,0.08558621,0
0.140000,-0.090000,1.63046348,0.08838835,0
0.145000,-0.090000,1.63047838,0.09124143,0
0.150000,-0.090000,1.63049376,0.09414086,0
-0.150000,-0.085000,1.63024521,0.15305229,0
-0.145000,-0.085000,1.63023734,0.14954096,0
-0.140000,-0.085000,1.63022971,0.14603083,0
-0.135000,-0.085000,1.63022220,0.14252193,0
-0.130000,-0.085000,1.63021576,0.13901438,0
-0.125000,-0.085000,1.63020933,0.13550830,0
-0.120000,-0.085000,1.63020325,0.13200378,0
-0.115000,-0.085000,1.63019741,0.12850098,0
-0.110000,-0.085000,1.63019228,0.12500000,0
-0.105000,-0.085000,1.63018715,0.12150102,0
-0.100000,-0.085000,1.63018215,0.11800424,0
-0.095000,-0.085000,1.63017738,0.11450983,0
-0.090000,-0.085000,1.63017333,0.11101802,0
-0.085000,-0.085000,1.63016987,0.10752907,0
-0.080000,-0.085000,1.63016653,0.10404326,0
-0.075000,-0.085000,1.63016343,0.10056093,0
-0.070000,-0.085000,1.63016129,0.09708244,0
-0.065000,-0.085000,1.63015950,0.09360823,0
-0.060000,-0.085000,1.63015854,0.09013878,0
-0.055000,-0.085000,1.63015854,0.08667468,0
-0.050000,-0.085000,1.63015866,0.08321659,0
-0.045000,-0.085000,1.63015890,0.07976529,0
-0.040000,-0.085000,1.63015962,0.07632168,0
-0.035000,-0.085000,1.63016140,0.07288690,0
-0.030000,-0.085000,1.63016343,0.06946222,0
-0.025000,-0.085000,1.63016593,0.06604923,0
-0.020000,-0.085000,1.63016820,0.06264982,0
-0.015000,-0.085000,1.13017058,0.05926635,1
-0.010000,-0.085000,1.13017333,0.05590170,1
-0.005000,-0.085000,1.13017690,0.05590170,1
0.000000,-0.085000,1.13018084,0.05590170,1
0.005000,-0.085000,1.13018525,0.05590170,1
0.010000,-0.085000,1.13018990,0.05590170,1
0.015000,-0.085000,1.13019562,0.05488624,1
0.020000,-0.085000,1.13020146,0.05408327,1
0.025000,-0.085000,1.13020790,0.05350233,1
0.030000,-0.085000,1.13021433,0.05315073,1
0.035000,-0.085000,1.13022161,0.05303301,1
0.040000,-0.085000,1.13022864,0.05315073,1
0.045000,-0.085000,1.13023615,0.05350233,1
0.050000,-0.085000,1.13024342,0.05408327,1
0.055000,-0.085000,1.13025105,0.05488624,1
0.060000,-0.085000,1.13025939,0.05590170,1
0.065000,-0.085000,1.13026774,0.05711830,1
0.070000,-0.085000,1.13027632,0.05852350,1
0.075000,-0.085000,1.63028538,0.06010407,0
0.080000,-0.085000,1.63029528,0.06184658,0
0.085000,-0.085000,1.63030565,0.06373774,0
0.090000,-0.085000,1.63031662,0.06576474,0
0.095000,-0.085000,1.63032818,0.06791539,0
0.100000,-0.085000,1.63034046,0.07017834,0
0.105000,-0.085000,1.63035285,0.07254309,0
0.110000,-0.085000,1.63036549,0.07500000,0
0.115000,-0.085000,1.63037884,0.07754032,0
0.120000,-0.085000,1.63039243,0.08015610,0
0.125000,-0.085000,1.63040590,0.08284021,0
0.130000,-0.085000,1.63041961,0.08558621,0
0.135000,-0.085000,1.63043392,0.08838835,0
0.140000,-0.085000,1.63044870,0.09124143,0
0.145000,-0.085000,1.63046348,0.09414085,0
0.150000,-0.085000,1.63047838,0.09708244,0
-0.150000,-0.080000,1.63025296,0.15656468,0
-0.145000,-0.080000,1.63024521,0.15305229,0
-0.140000,-0.080000,1.63023734,0.14954098,0
-0.135000,-0.080000,1.63022971,0.14603083,0
-0.130000,-0.080000,1.63022220,0.14252193,0
-0.125000,-0.080000,1.63021576,0.13901438,0
-0.120000,-0.080000,1.63020933,0.13550830,0
-0.115000,-0.080000,1.63020325,0.13200378,0
-0.110000,-0.080000,1.63019741,0.12850098,0
-0.105000,-0.080000,1.63019228,0.12499999,0
-0.100000,-0.080000,1.63018715,0.12150103,0
-0.095000,-0.080000,1.63018215,0.11800424,0
-0.090000,-0.080000,1.63017738,0.11450983,0
-0.085000,-0.080000,1.63017333,0.11101802,0
-0.080000,-0.080000,1.63016987,0.10752907,0
-0.075000,-0.080000,1.63016653,0.10404327,0
-0.070000,-0.080000,1.63016343,0.10056093,0
-0.065000,-0.080000,1.63016129,0.09708244,0
-0.060000,-0.080000,1.63015950,0.09360823,0
-0.055000,-0.080000,1.63015854,0.09013878,0
-0.050000,-0.080000,1.63015854,0.08667468,0
-0.045000,-0.080000,1.63015866,0.08321659,0
-0.040000,-0.080000,1.63015890,0.07976528,0
-0.035000,-0.080000,1.63015962,0.07632169,0
-0.030000,-0.080000,1.63016140,0.07288690,0
-0.025000,-0.080000,1.63016343,0.06946222,0
-0.020000,-0.080000,1.63016593,0.06604923,0
-0.015000,-0.080000,1.63016820,0.06264982,0
-0.010000,-0.080000,1.13017058,0.05926635,1
-0.005000,-0.080000,1.13017333,0.05590170,1
0.000000,-0.080000,1.13017690,0.05590170,1
0.005000,-0.080000,1.13018084,0.05590170,1
0.010000,-0.080000,1.13018525,0.05488624,1
0.015000,-0.080000,1.13018990,0.05408327,1
0.020000,-0.080000,1.13019562,0.05350233,1
0.025000,-0.080000,1.13020146,0.05315073,1
0.030000,-0.080000,1.13020790,0.05303301,1
0.035000,-0.080000,1.13021433,0.05315073,1
0.040000,-0.080000,1.13022161,0.05350234,1
0.045000,-0.080000,1.13022864,0.05408327,1
0.050000,-0.080000,1.13023615,0.05488624,1
0.055000,-0.080000,1.13024342,0.05590170,1
0.060000,-0.080000,1.13025105,0.05711830,1
0.065000,-0.080000,1.13025939,0.05852350,1
0.070000,-0.080000,1.63026774,0.06010408,0
0.075000,-0.080000,1.63027632,0.06184658,0
0.080000,-0.080000,1.63028538,0.06373774,0
0.085000,-0.080000,1.63029528,0.06576473,0
0.090000,-0.080000,1.63030565,0.06791539,0
0.095000,-0.080000,1.63031662,0.07017834,0
0.100000,-0.080000,1.63032818,0.07254310,0
0.105000,-0.080000,1.63034046,0.07500000,0
0.110000,-0.080000,1.63035285,0.07754032,0
0.115000,-0.080000,1.63036549,0.08015610,0
0.120000,-0.080000,1.63037884,0.08284020,0
0.125000,-0.080000,1.63039243,0.08558621,0
0.130000,-0.080000,1.63040590,0.08838835,0
0.135000,-0.080000,1.63041961,0.09124144,0
0.140000,-0.080000,1.63043392,0.09414086,0
0.145000,-0.080000,1.63044870,0.09708244,0
0.150000,-0.080000,1.63046348,0.10006248,0
-0.150000,-0.075000,1.63026154,0.16007811,0
-0.145000,-0.075000,1.63025296,0.15656468,0
-0.140000,-0.075000,1.63024521,0.15305229,0
-0.135000,-0.075000,1.63023734,0.14954098,0
-0.130000,-0.075000,1.63022971,0.14603081,0
-0.125000,-0.075000,1.63022220,0.14252193,0
-0.120000,-0.075000,1.63021576,0.13901438,0
-0.115000,-0.075000,1.63020933,0.13550830,0
-0.110000,-0.075000,1.63020325,0.13200378,0
-0.105000,-0.075000,1.63019741,0.12850097,0
-0.100000,-0.075000,1.63019228,0.12499999,0
-0.095000,-0.075000,1.63018715,0.12150102,0
-0.090000,-0.075000,1.63018215,0.11800424,0
-0.085000,-0.075000,1.63017738,0.11450983,0
-0.080000,-0.075000,1.63017333,0.11101802,0
-0.075000,-0.075000,1.63016987,0.10752907,0
-0.070000,-0.075000,1.63016653,0.10404325,0
-0.065000,-0.075000,1.63016343,0.10056092,0
-0.060000,-0.075000,1.63016129,0.09708244,0
-0.055000,-0.075000,1.63015950,0.09360822,0
-0.050000,-0.075000,1.63015854,0.09013878,0
-0.045000,-0.075000,1.63015854,0.08667468,0
-0.040000,-0.075000,1.63015866,0.08321659,0
-0.035000,-0.075000,1.63015890,0.07976528,0
-0.030000,-0.075000,1.63015962,0.07632168,0
-0.025000,-0.075000,1.63016140,0.07288690,0
-0.020000,-0.075000,1.63016343,0.06946222,0
-0.015000,-0.075000,1.63016593,0.06604923,0
-0.010000,-0.075000,1.63016820,0.06264982,0
-0.005000,-0.075000,1.13017058,0.05926634,1
0.000000,-0.075000,1.13017333,0.05590170,1
0.005000,-0.075000,1.13017690,0.05488624,1
0.010000,-0.075000,1.13018084,0.05408327,1
0.015000,-0.075000,1.13018525,0.05350234,1
0.020000,-0.075000,1.13018990,0.05315073,1
0.025000,-0.075000,1.13019562,0.05303301,1
0.030000,-0.075000,1.13020146,0.05315073,1
0.035000,-0.075000,1.13020790,0.05350233,1
0.040000,-0.075000,1.13021433,0.05408327,1
0.045000,-0.075000,1.13022161,0.05488624,1
0.050000,-0.075000,1.13022864,0.05590170,1
0.055000,-0.075000,1.13023615,0.05711829,1
0.060000,-0.075000,1.13024342,0.05852350,1
0.065000,-0.075000,1.63025105,0.06010407,0
0.070000,-0.075000,1.63025939,0.06184659,0
0.075000,-0.075000,1.63026774,0.06373774,0
0.080000,-0.075000,1.63027632,0.06576473,0
0.085000,-0.075000,1.63028538,0.06791539,0
0.090000,-0.075000,1.63029528,0.07017834,0
0.095000,-0.075000,1.63030565,0.07254309,0
0.100000,-0.075000,1.63031662,0.07500000,0
0.105000,-0.075000,1.63032818,0.07754032,0
0.110000,-0.075000,1.63034046,0.08015610,0
0.115000,-0.075000,1.63035285,0.08284020,0
0.120000,-0.075000,1.63036549,0.08558621,0
0.125000,-0.075000,1.63037884,0.08838835,0
0.130000,-0.075000,1.63039243,0.09124143,0
0.135000,-0.075000,1.63040590,0.09414086,0
0.140000,-0.075000,1.63041961,0.09708244,0
0.145000,-0.075000,1.63043392,0.10006247,0
0.150000,-0.075000,1.63044870,0.10307764,0
-0.150000,-0.070000,1.63027012,0.16007811,0
-0.145000,-0.070000,1.63026154,0.16007809,0
-0.140000,-0.070000,1.63025296,0.15656468,0
-0.135000,-0.070000,1.63024521,0.15305229,0
-0.130000,-0.070000,1.63023734,0.14954096,0
-0.125000,-0.070000,1.63022971,0.14603083,0
-0.120000,-0.070000,1.63022220,0.14252193,0
-0.115000,-0.070000,1.63021576,0.13901438,0
-0.110000,-0.070000,1.63020933,0.13550830,0
-0.105000,-0.070000,1.63020325,0.13200378,0
-0.100000,-0.070000,1.63019741,0.12850098,0
-0.095000,-0.070000,1.63019228,0.12500000,0
-0.090000,-0.070000,1.63018715,0.12150104,0
-0.085000,-0.070000,1.63018215,0.11800424,0
-0.080000,-0.070000,1.63017738,0.11450983,0
-0.075000,-0.070000,1.63017333,0.11101802,0
-0.070000,-0.070000,1.63016987,0.10752907,0
-0.065000,-0.070000,1.63016653,0.10404326,0
-0.060000,-0.070000,1.63016343,0.10056093,0
-0.055000,-0.070000,1.63016129,0.09708244,0
-0.050000,-0.070000,1.63015950,0.09360823,0
-0.045000,-0.070000,1.63015854,0.09013879,0
-0.040000,-0.070000,1.63015854,0.08667468,0
-0.035000,-0.070000,1.63015866,0.08321659,0
-0.030000,-0.070000,1.63015890,0.07976528,0
-0.025000,-0.070000,1.63015962,0.07632169,0
-0.020000,-0.070000,1.63016140,0.07288690,0
-0.015000,-0.070000,1.63016343,0.06946222,0
-0.010000,-0.070000,1.63016593,0.06604923,0
-0.005000,-0.070000,1.63016820,0.06264982,0
0.000000,-0.070000,1.13017058,0.05830952,1
0.005000,-0.070000,1.13017333,0.05408327,1
0.010000,-0.070000,1.13017690,0.05350233,1
0.015000,-0.070000,1.13018084,0.05315073,1
0.020000,-0.070000,1.13018525,0.05303301,1
0.025000,-0.070000,1.13018990,0.05315073,1
0.030000,-0.070000,1.13019562,0.05350234,1
0.035000,-0.070000,1.13020146,0.05408327,1
0.040000,-0.070000,1.13020790,0.05488624,1
0.045000,-0.070000,1.13021433,0.05590170,1
0.050000,-0.070000,1.13022161,0.05711830,1
0.055000,-0.070000,1.13022864,0.05852350,1
0.060000,-0.070000,1.63023615,0.06010407,0
0.065000,-0.070000,1.63024342,0.06184658,0
0.070000,-0.070000,1.63025105,0.06373774,0
0.075000,-0.070000,1.63025939,0.06576474,0
0.080000,-0.070000,1.63026774,0.06791539,0
0.085000,-0.070000,1.63027632,0.07017834,0
0.090000,-0.070000,1.63028538,0.07254309,0
0.095000,-0.070000,1.63029528,0.07500000,0
0.100000,-0.070000,1.63030565,0.07754032,0
0.105000,-0.070000,1.63031662,0.08015610,0
0.110000,-0.070000,1.63032818,0.08284021,0
0.115000,-0.070000,1.63034046,0.08558621,0
0.120000,-0.070000,1.63035285,0.08838835,0
0.125000,-0.070000,1.63036549,0.09124143,0
0.130000,-0.070000,1.63037884,0.09414085,0
0.135000,-0.070000,1.63039243,0.09708244,0
0.140000,-0.070000,1.63040590,0.10006248,0
0.145000,-0.070000,1.63041961,0.10307764,0
0.150000,-0.070000,1.63043392,0.10307764,0
-0.150000,-0.065000,1.63027883,0.16007811,0
-0.145000,-0.065000,1.63027012,0.16007811,0
-0.140000,-0.065000,1.63026154,0.16007811,0
-0.135000,-0.065000,1.63025296,0.15656468,0
-0.130000,-0.065000,1.63024521,0.15305229,0
-0.125000,-0.065000,1.63023734,0.14954098,0
-0.120000,-0.065000,1.63022971,0.14603081,0
-0.115000,-0.065000,1.63022220,0.14252193,0
-0.110000,-0.065000,1.63021576,0.13901438,0
-0.105000,-0.065000,1.63020933,0.13550830,0
-0.100000,-0.065000,1.63020325,0.13200378,0
-0.095000,-0.065000,1.63019741,0.12850098,0
-0.090000,-0.065000,1.63019228,0.12500000,0
-0.085000,-0.065000,1.63018715,0.12150103,0
-0.080000,-0.065000,1.63018215,0.11800424,0
-0.075000,-0.065000,1.63017738,0.11450983,0
-0.070000,-0.065000,1.63017333,0.11101802,0
-0.065000,-0.065000,1.63016987,0.10752907,0
-0.060000,-0.065000,1.63016653,0.10404326,0
-0.055000,-0.065000,1.63016343,0.10056093,0
-0.050000,-0.065000,1.63016129,0.09708244,0
-0.045000,-0.065000,1.63015950,0.09360823,0
-0.040000,-0.065000,1.63015854,0.09013879,0
-0.035000,-0.065000,1.63015854,0.08667468,0
-0.030000,-0.065000,1.63015866,0.08321659,0
-0.025000,-0.065000,1.63015890,0.07976528,0
-0.020000,-0.065000,1.63015962,0.07632169,0
-0.015000,-0.065000,1.63016140,0.07288690,0
-0.010000,-0.065000,1.63016343,0.06946222,0
-0.005000,-0.065000,1.63016593,0.06519203,0
0.000000,-0.065000,1.63016820,0.06103278,0
0.005000,-0.065000,1.13017058,0.05700877,1
0.010000,-0.065000,1.13017333,0.05315073,1
0.015000,-0.065000,1.13017690,0.05303301,1
0.020000,-0.065000,1.13018084,0.05315073,1
0.025000,-0.065000,1.13018525,0.05350234,1
0.030000,-0.065000,1.13018990,0.05408327,1
0.035000,-0.065000,1.13019562,0.05488624,1
0.040000,-0.065000,1.13020146,0.05590170,1
0.045000,-0.065000,1.13020790,0.05711830,1
0.050000,-0.065000,1.13021433,0.05852350,1
0.055000,-0.065000,1.63022161,0.06010408,0
0.060000,-0.065000,1.63022864,0.06184659,0
0.065000,-0.065000,1.63023615,0.06373774,0
0.070000,-0.065000,1.63024342,0.06576473,0
0.075000,-0.065000,1.63025105,0.06791539,0
0.080000,-0.065000,1.63025939,0.07017834,0
0.085000,-0.065000,1.63026774,0.07254310,0
0.090000,-0.065000,1.63027632,0.07500000,0
0.095000,-0.065000,1.63028538,0.07754032,0
0.100000,-0.065000,1.63029528,0.08015610,0
0.105000,-0.065000,1.63030565,0.08284020,0
0.110000,-0.065000,1.63031662,0.08558621,0
0.115000,-0.065000,1.63032818,0.08838835,0
0.120000,-0.065000,1.63034046,0.09124144,0
0.125000,-0.065000,1.63035285,0.09414086,0
0.130000,-0.065000,1.63036549,0.09708244,0
0.135000,-0.065000,1.63037884,0.10006248,0
0.140000,-0.065000,1.63039243,0.10307764,0
0.145000,-0.065000,1.63040590,0.10307764,0
0.150000,-0.065000,1.63041961,0.10307764,0
-0.150000,-0.060000,1.63028812,0.16007811,0
-0.145000,-0.060000,1.63027883,0.16007811,0
-0.140000,-0.060000,1.63027012,0.16007811,0
-0.135000,-0.060000,1.63026154,0.16007811,0
-0.130000,-0.060000,1.63025296,0.15656468,0
-0.125000,-0.060000,1.63024521,0.15305229,0
-0.120000,-0.060000,1.63023734,0.14954098,0
-0.115000,-0.060000,1.63022971,0.14603083,0
-0.110000,-0.060000,1.63022220,0.14252193,0
-0.105000,-0.060000,1.63021576,0.13901438,0
-0.100000,-0.060000,1.63020933,0.13550830,0
-0.095000,-0.060000,1.63020325,0.13200378,0
-0.090000,-0.060000,1.63019741,0.12850098,0
-0.085000,-0.060000,1.63019228,0.12500000,0
-0.080000,-0.060000,1.63018715,0.12150103,0
-0.075000,-0.060000,1.63018215,0.11800424,0
-0.070000,-0.060000,1.63017738,0.11450983,0
-0.065000,-0.060000,1.63017333,0.11101802,0
-0.060000,-0.060000,1.63016987,0.10752907,0
-0.055000,-0.060000,1.63016653,0.10404326,0
-0.050000,-0.060000,1.63016343,0.10056093,0
-0.045000,-0.060000,1.63016129,0.09708244,0
-0.040000,-0.060000,1.63015950,0.09360823,0
-0.035000,-0.060000,1.63015854,0.09013879,0
-0.030000,-0.060000,1.63015854,0.08667468,0
-0.025000,-0.060000,1.63015866,0.08321659,0
-0.020000,-0.060000,1.63015890,0.07976528,0
-0.015000,-0.060000,1.63015962,0.07632168,0
-0.010000,-0.060000,1.63016140,0.07211103,0
-0.005000,-0.060000,1.63016343,0.06800735,0
0.000000,-0.060000,1.63016593,0.06403124,0
0.005000,-0.060000,1.63016820,0.06020797,0
0.010000,-0.060000,1.13017058,0.05656854,1
0.015000,-0.060000,1.13017333,0.05315073,1
0.020000,-0.060000,1.13017690,0.05350234,1
0.025000,-0.060000,1.13018084,0.05408327,1
0.030000,-0.060000,1.13018525,0.05488624,1
0.035000,-0.060000,1.13018990,0.05590170,1
0.040000,-0.060000,1.13019562,0.05711830,1
0.045000,-0.060000,1.13020146,0.05852350,1
0.050000,-0.060000,1.63020790,0.06010408,0
0.055000,-0.060000,1.63021433,0.06184658,0
0.060000,-0.060000,1.63022161,0.06373774,0
0.065000,-0.060000,1.63022864,0.06576473,0
0.070000,-0.060000,1.63023615,0.06791539,0
0.075000,-0.060000,1.63024342,0.07017835,0
0.080000,-0.060000,1.63025105,0.07254310,0
0.085000,-0.060000,1.63025939,0.07500000,0
0.090000,-0.060000,1.63026774,0.07754032,0
0.095000,-0.060000,1.63027632,0.08015610,0
0.100000,-0.060000,1.63028538,0.08284020,0
0.105000,-0.060000,1.63029528,0.08558621,0
0.110000,-0.060000,1.63030565,0.08838835,0
0.115000,-0.060000,1.63031662,0.09124144,0
0.120000,-0.060000,1.63032818,0.09414086,0
0.125000,-0.060000,1.63034046,0.09708244,0
0.130000,-0.060000,1.63035285,0.10006247,0
0.135000,-0.060000,1.63036549,0.10307764,0
0.140000,-0.060000,1.63037884,0.10307764,0
0.145000,-0.060000,1.63039243,0.10307764,0
0.150000,-0.060000,1.63040590,0.10307764,0
-0.150000,-0.055000,1.63029766,0.16007811,0
-0.145000,-0.055000,1.63028812,0.16007811,0
-0.140000,-0.055000,1.63027883,0.16007811,0
-0.135000,-0.055000,1.63027012,0.16007811,0
-0.130000,-0.055000,1.63026154,0.16007809,0
-0.125000,-0.055000,1.63025296,0.15656468,0
-0.120000,-0.055000,1.63024521,0.15305229,0
-0.115000,-0.055000,1.63023734,0.14954098,0
-0.110000,-0.055000,1.63022971,0.14603083,0
-0.105000,-0.055000,1.63022220,0.14252193,0
-0.100000,-0.055000,1.63021576,0.13901438,0
-0.095000,-0.055000,1.63020933,0.13550830,0
-0.090000,-0.055000,1.63020325,0.13200380,0
-0.085000,-0.055000,1.63019741,0.12850098,0
-0.080000,-0.055000,1.63019228,0.12500000,0
-0.075000,-0.055000,1.63018715,0.12150104,0
-0.070000,-0.055000,1.63018215,0.11800424,0
-0.065000,-0.055000,1.63017738,0.11450983,0
-0.060000,-0.055000,1.63017333,0.11101802,0
-0.055000,-0.055000,1.63016987,0.10752907,0
-0.050000,-0.055000,1.63016653,0.10404326,0
-0.045000,-0.055000,1.63016343,0.10056093,0
-0.040000,-0.055000,1.63016129,0.09708244,0
-0.035000,-0.055000,1.63015950,0.09360823,0
-0.030000,-0.055000,1.63015854,0.09013879,0
-0.025000,-0.055000,1.63015854,0.08667468,0
-0.020000,-0.055000,1.63015866,0.08321659,0
-0.015000,-0.055000,1.63015890,0.07905694,0
-0.010000,-0.055000,1.63015962,0.07500000,0
-0.005000,-0.055000,1.63016140,0.07106335,0
0.000000,-0.055000,1.63016343,0.06726812,0
0.005000,-0.055000,1.63016593,0.06363961,0
0.010000,-0.055000,1.63016820,0.06020797,0
0.015000,-0.055000,1.13017058,0.05700877,1
0.020000,-0.055000,1.13017333,0.05408327,1
0.025000,-0.055000,1.13017690,0.05488624,1
0.030000,-0.055000,1.13018084,0.05590170,1
0.035000,-0.055000,1.13018525,0.05711830,1
0.040000,-0.055000,1.13018990,0.05852350,1
0.045000,-0.055000,1.63019562,0.06010408,0
0.050000,-0.055000,1.63020146,0.06184659,0
0.055000,-0.055000,1.63020790,0.06373774,0
0.060000,-0.055000,1.63021433,0.06576473,0
0.065000,-0.055000,1.63022161,0.06791539,0
0.070000,-0.055000,1.63022864,0.07017834,0
0.075000,-0.055000,1.63023615,0.07254309,0
0.080000,-0.055000,1.63024342,0.07500000,0
0.085000,-0.055000,1.63025105,0.07754032,0
0.090000,-0.055000,1.63025939,0.08015610,0
0.095000,-0.055000,1.63026774,0.08284021,0
0.100000,-0.055000,1.63027632,0.08558621,0
0.105000,-0.055000,1.63028538,0.08838835,0
0.110000,-0.055000,1.63029528,0.09124143,0
0.115000,-0.055000,1.63030565,0.09414086,0
0.120000,-0.055000,1.63031662,0.09708244,0
0.125000,-0.055000,1.63032818,0.10006248,0
0.130000,-0.055000,1.63034046,0.10307764,0
0.135000,-0.055000,1.63035285,0.10307764,0
0.140000,-0.055000,1.63036549,0.10307764,0
0.145000,-0.055000,1.63037884,0.10307764,0
0.150000,-0.055000,1.63039243,0.10307764,0
-0.150000,-0.050000,1.63030732,0.16007811,0
-0.145000,-0.050000,1.63029766,0.16007811,0
-0.140000,-0.050000,1.63028812,0.16007811,0
-0.135000,-0.050000,1.63027883,0.16007811,0
-0.130000,-0.050000,1.63027012,0.16007811,0
-0.125000,-0.050000,1.63026154,0.16007809,0
-0.120000,-0.050000,1.63025296,0.15656468,0
-0.115000,-0.050000,1.63024521,0.15305229,0
-0.110000,-0.050000,1.63023734,0.14954098,0
-0.105000,-0.050000,1.63022971,0.14603081,0
-0.100000,-0.050000,1.63022220,0.14252193,0
-0.095000,-0.050000,1.63021576,0.13901438,0
-0.090000,-0.050000,1.63020933,0.13550830,0
-0.085000,-0.050000,1.63020325,0.13200378,0
-0.080000,-0.050000,1.63019741,0.12850098,0
-0.075000,-0.050000,1.63019228,0.12500000,0
-0.070000,-0.050000,1.63018715,0.12150103,0
-0.065000,-0.050000,1.63018215,0.11800423,0
-0.060000,-0.050000,1.63017738,0.11450983,0
-0.055000,-0.050000,1.63017333,0.11101802,0
-0.050000,-0.050000,1.63016987,0.10752907,0
-0.045000,-0.050000,1.63016653,0.10404326,0
-0.040000,-0.050000,1.63016343,0.10056093,0
-0.035000,-0.050000,1.63016129,0.09708244,0
-0.030000,-0.050000,1.63015950,0.09360823,0
-0.025000,-0.050000,1.63015854,0.09013879,0
-0.020000,-0.050000,1.63015854,0.08602326,0
-0.015000,-0.050000,1.63015866,0.08200610,0
-0.010000,-0.050000,1.63015890,0.07810250,0
-0.005000,-0.050000,1.63015962,0.07433034,0
0.000000,-0.050000,1.63016140,0.07071068,0
0.005000,-0.050000,1.63016343,0.06726812,0
0.010000,-0.050000,1.63016593,0.06403124,0
0.015000,-0.050000,1.63016820,0.06103278,0
0.020000,-0.050000,1.13017058,0.05830952,1
0.025000,-0.050000,1.13017333,0.05590170,1
0.030000,-0.050000,1.13017690,0.05711830,1
0.035000,-0.050000,1.13018084,0.05852350,1
0.040000,-0.050000,1.63018525,0.06010408,0
0.045000,-0.050000,1.63018990,0.06184658,0
0.050000,-0.050000,1.63019562,0.06373774,0
0.055000,-0.050000,1.63020146,0.06576473,0
0.060000,-0.050000,1.63020790,0.06791539,0
0.065000,-0.050000,1.63021433,0.07017834,0
0.070000,-0.050000,1.63022161,0.07254310,0
0.075000,-0.050000,1.63022864,0.07500000,0
0.080000,-0.050000,1.63023615,0.07754032,0
0.085000,-0.050000,1.63024342,0.08015610,0
0.090000,-0.050000,1.63025105,0.08284020,0
0.095000,-0.050000,1.63025939,0.08558621,0
0.100000,-0.050000,1.63026774,0.08838835,0
0.105000,-0.050000,1.63027632,0.09124144,0
0.110000,-0.050000,1.63028538,0.09414086,0
0.115000,-0.050000,1.63029528,0.09708244,0
0.120000,-0.050000,1.63030565,0.10006247,0
0.125000,-0.050000,1.63031662,0.10307764,0
0.130000,-0.050000,1.63032818,0.10307764,0
0.135000,-0.050000,1.63034046,0.10307764,0
0.140000,-0.050000,1.63035285,0.10307764,0
0.145000,-0.050000,1.63036549,0.10307764,0
0.150000,-0.050000,1.63037884,0.10307764,0
-0.150000,-0.045000,1.63031757,0.16007811,0
-0.145000,-0.045000,1.63030732,0.16007811,0
-0.140000,-0.045000,1.63029766,0.16007811,0
-0.135000,-0.045000,1.63028812,0.16007811,0
-0.130000,-0.045000,1.63027883,0.16007811,0
-0.125000,-0.045000,1.63027012,0.16007811,0
-0.120000,-0.045000,1.63026154,0.16007809,0
-0.115000,-0.045000,1.63025296,0.15656468,0
-0.110000,-0.045000,1.63024521,0.15305229,0
-0.105000,-0.045000,1.63023734,0.14954096,0
-0.100000,-0.045000,1.63022971,0.14603081,0
-0.095000,-0.045000,1.63022220,0.14252193,0
-0.090000,-0.045000,1.63021576,0.13901438,0
-0.085000,-0.045000,1.63020933,0.13550830,0
-0.080000,-0.045000,1.63020325,0.13200378,0
-0.075000,-0.045000,1.63019741,0.12850098,0
-0.070000,-0.045000,1.63019228,0.12500000,0
-0.065000,-0.045000,1.63018715,0.12150102,0
-0.060000,-0.045000,1.63018215,0.11800424,0
-0.055000,-0.045000,1.63017738,0.11450983,0
-0.050000,-0.045000,1.63017333,0.11101802,0
-0.045000,-0.045000,1.63016987,0.10752907,0
-0.040000,-0.045000,1.63016653,0.10404326,0
-0.035000,-0.045000,1.63016343,0.10056093,0
-0.030000,-0.045000,1.63016129,0.09708244,0
-0.025000,-0.045000,1.63015950,0.09300537,0
-0.020000,-0.045000,1.63015854,0.08902247,0
-0.015000,-0.045000,1.63015854,0.08514693,0
-0.010000,-0.045000,1.63015866,0.08139411,0
-0.005000,-0.045000,1.63015890,0.07778174,0
0.000000,-0.045000,1.63015962,0.07433034,0
0.005000,-0.045000,1.63016140,0.07106335,0
0.010000,-0.045000,1.63016343,0.06800735,0
0.015000,-0.045000,1.63016593,0.06519203,0
0.020000,-0.045000,1.63016820,0.06264982,0
0.025000,-0.045000,1.63017058,0.06041523,0
0.030000,-0.045000,1.13017333,0.05852350,1
0.035000,-0.045000,1.63017690,0.06010407,0
0.040000,-0.045000,1.63018084,0.06184658,0
0.045000,-0.045000,1.63018525,0.06373774,0
0.050000,-0.045000,1.63018990,0.06576473,0
0.055000,-0.045000,1.63019562,0.06791539,0
0.060000,-0.045000,1.63020146,0.07017834,0
0.065000,-0.045000,1.63020790,0.07254309,0
0.070000,-0.045000,1.63021433,0.07500000,0
0.075000,-0.045000,1.63022161,0.07754032,0
0.080000,-0.045000,1.63022864,0.08015610,0
0.085000,-0.045000,1.63023615,0.08284020,0
0.090000,-0.045000,1.63024342,0.08558621,0
0.095000,-0.045000,1.63025105,0.08838835,0
0.100000,-0.045000,1.63025939,0.09124144,0
0.105000,-0.045000,1.63026774,0.09414085,0
0.110000,-0.045000,1.63027632,0.09708244,0
0.115000,-0.045000,1.63028538,0.10006247,0
0.120000,-0.045000,1.63029528,0.10307764,0
0.125000,-0.045000,1.63030565,0.10307764,0
0.130000,-0.045000,1.63031662,0.10307764,0
0.135000,-0.045000,1.63032818,0.10307764,0
0.140000,-0.045000,1.63034046,0.10307764,0
0.145000,-0.045000,1.63035285,0.10307764,0
0.150000,-0.045000,1.63036549,0.10307764,0
-0.150000,-0.040000,1.63032782,0.16007811,0
-0.145000,-0.040000,1.63031757,0.16007811,0
-0.140000,-0.040000,1.63030732,0.16007811,0
-0.135000,-0.040000,1.63029766,0.16007811,0
-0.130000,-0.040000,1.63028812,0.16007811,0
-0.125000,-0.040000,1.63027883,0.16007811,0
-0.120000,-0.040000,1.63027012,0.16007811,0
-0.115000,-0.040000,1.63026154,0.16007811,0
-0.110000,-0.040000,1.63025296,0.15656468,0
-0.105000,-0.040000,1.63024521,0.15305229,0
-0.100000,-0.040000,1.63023734,0.14954098,0
-0.095000,-0.040000,1.63022971,0.14603083,0
-0.090000,-0.040000,1.63022220,0.14252193,0
-0.085000,-0.040000,1.63021576,0.13901438,0
-0.080000,-0.040000,1.63020933,0.13550830,0
-0.075000,-0.040000,1.63020325,0.13200378,0
-0.070000,-0.040000,1.63019741,0.12850098,0
-0.065000,-0.040000,1.63019228,0.12500000,0
-0.060000,-0.040000,1.63018715,0.12150103,0
-0.055000,-0.040000,1.63018215,0.11800424,0
-0.050000,-0.040000,1.63017738,0.11450983,0
-0.045000,-0.040000,1.63017333,0.11101802,0
-0.040000,-0.040000,1.63016987,0.10752907,0
-0.035000,-0.040000,1.63016653,0.10404326,0
-0.030000,-0.040000,1.63016343,0.10000000,0
-0.025000,-0.040000,1.63016129,0.09604686,0
-0.020000,-0.040000,1.63015950,0.09219544,0
-0.015000,-0.040000,1.63015854,0.08845903,0
-0.010000,-0.040000,1.63015854,0.08485281,0
-0.005000,-0.040000,1.63015866,0.08139411,0
0.000000,-0.040000,1.63015890,0.07810250,0
0.005000,-0.040000,1.63015962,0.07500000,0
0.010000,-0.040000,1.63016140,0.07211103,0
0.015000,-0.040000,1.63016343,0.06946222,0
0.020000,-0.040000,1.63016593,0.06708204,0
0.025000,-0.040000,1.63016820,0.06500001,0
0.030000,-0.040000,1.63017058,0.06324556,0
0.035000,-0.040000,1.63017333,0.06184659,0
0.040000,-0.040000,1.63017690,0.06373774,0
0.045000,-0.040000,1.63018084,0.06576473,0
0.050000,-0.040000,1.63018525,0.06791539,0
0.055000,-0.040000,1.63018990,0.07017834,0
0.060000,-0.040000,1.63019562,0.07254309,0
0.065000,-0.040000,1.63020146,0.07500000,0
0.070000,-0.040000,1.63020790,0.07754032,0
0.075000,-0.040000,1.63021433,0.08015610,0
0.080000,-0.040000,1.63022161,0.08284020,0
0.085000,-0.040000,1.63022864,0.08558621,0
0.090000,-0.040000,1.63023615,0.08838835,0
0.095000,-0.040000,1.63024342,0.09124143,0
0.100000,-0.040000,1.63025105,0.09414086,0
0.105000,-0.040000,1.63025939,0.09708244,0
0.110000,-0.040000,1.63026774,0.10006248,0
0.115000,-0.040000,1.63027632,0.10307764,0
0.120000,-0.040000,1.63028538,0.10307764,0
0.125000,-0.040000,1.63029528,0.10307764,0
0.130000,-0.040000,1.63030565,0.10307764,0
0.135000,-0.040000,1.63031662,0.10307764,0
0.140000,-0.040000,1.63032818,0.10307764,0
0.145000,-0.040000,1.63034046,0.10307764,0
0.150000,-0.040000,1.63035285,0.10307764,0
-0.150000,-0.035000,1.63033819,0.16007811,0
-0.145000,-0.035000,1.63032782,0.16007811,0
-0.140000,-0.035000,1.63031757,0.16007811,0
-0.135000,-0.035000,1.63030732,0.16007811,0
-0.130000,-0.035000,1.63029766,0.16007811,0
-0.125000,-0.035000,1.63028812,0.16007811,0
-0.120000,-0.035000,1.63027883,0.16007811,0
-0.115000,-0.035000,1.63027012,0.16007811,0
-0.110000,-0.035000,1.63026154,0.16007809,0
-0.105000,-0.035000,1.63025296,0.15656468,0
-0.100000,-0.035000,1.63024521,0.15305229,0
-0.095000,-0.035000,1.63023734,0.14954098,0
-0.090000,-0.035000,1.63022971,0.14603083,0
-0.085000,-0.035000,1.63022220,0.14252193,0
-0.080000,-0.035000,1.63021576,0.13901438,0
-0.075000,-0.035000,1.63020933,0.13550830,0
-0.070000,-0.035000,1.63020325,0.13200378,0
-0.065000,-0.035000,1.63019741,0.12850098,0
-0.060000,-0.035000,1.63019228,0.12500000,0
-0.055000,-0.035000,1.63018715,0.12150103,0
-0.050000,-0.035000,1.63018215,0.11800424,0
-0.045000,-0.035000,1.63017738,0.11450983,0
-0.040000,-0.035000,1.63017333,0.11101802,0
-0.035000,-0.035000,1.63016987,0.10700467,0
-0.030000,-0.035000,1.63016653,0.10307764,0
-0.025000,-0.035000,1.63016343,0.09924717,0
-0.020000,-0.035000,1.63016129,0.09552486,0
-0.015000,-0.035000,1.63015950,0.09192388,0
-0.010000,-0.035000,1.63015854,0.08845903,0
-0.005000,-0.035000,1.63015854,0.08514693,0
0.000000,-0.035000,1.63015866,0.08200610,0
0.005000,-0.035000,1.63015890,0.07905694,0
0.010000,-0.035000,1.63015962,0.07632168,0
0.015000,-0.035000,1.63016140,0.07382412,0
0.020000,-0.035000,1.63016343,0.07158910,0
0.025000,-0.035000,1.63016593,0.06964194,0
0.030000,-0.035000,1.63016820,0.06800735,0
0.035000,-0.035000,1.63017058,0.06670832,0
0.040000,-0.035000,1.63017333,0.06576473,0
0.045000,-0.035000,1.63017690,0.06791539,0
0.050000,-0.035000,1.63018084,0.07017834,0
0.055000,-0.035000,1.63018525,0.07254310,0
0.060000,-0.035000,1.63018990,0.07500000,0
0.065000,-0.035000,1.63019562,0.07754032,0
0.070000,-0.035000,1.63020146,0.08015610,0
0.075000,-0.035000,1.63020790,0.08284020,0
0.080000,-0.035000,1.63021433,0.08558621,0
0.085000,-0.035000,1.63022161,0.08838835,0
0.090000,-0.035000,1.63022864,0.09124144,0
0.095000,-0.035000,1.63023615,0.09414086,0
0.100000,-0.035000,1.63024342,0.09708244,0
0.105000,-0.035000,1.63025105,0.10006247,0
0.110000,-0.035000,1.63025939,0.10307764,0
0.115000,-0.035000,1.63026774,0.10307764,0
0.120000,-0.035000,1.63027632,0.10307764,0
0.125000,-0.035000,1.63028538,0.10307764,0
0.130000,-0.035000,1.63029528,0.10307764,0
0.135000,-0.035000,1.63030565,0.10307764,0
0.140000,-0.035000,1.63031662,0.10307764,0
0.145000,-0.035000,1.63032818,0.10307764,0
0.150000,-0.035000,1.63034046,0.10307764,0
-0.150000,-0.030000,1.63034904,0.16007811,0
-0.145000,-0.030000,1.63033819,0.16007811,0
-0.140000,-0.030000,1.63032782,0.16007811,0
-0.135000,-0.030000,1.63031757,0.16007811,0
-0.130000,-0.030000,1.63030732,0.16007811,0
-0.125000,-0.030000,1.63029766,0.16007811,0
-0.120000,-0.030000,1.63028812,0.16007811,0
-0.115000,-0.030000,1.63027883,0.16007811,0
-0.110000,-0.030000,1.63027012,0.16007811,0
-0.105000,-0.030000,1.63026154,0.16007809,0
-0.100000,-0.030000,1.63025296,0.15656468,0
-0.095000,-0.030000,1.63024521,0.15305229,0
-0.090000,-0.030000,1.63023734,0.14954098,0
-0.085000,-0.030000,1.63022971,0.14603081,0
-0.080000,-0.030000,1.63022220,0.14252193,0
-0.075000,-0.030000,1.63021576,0.13901438,0
-0.070000,-0.030000,1.63020933,0.13550830,0
-0.065000,-0.030000,1.63020325,0.13200378,0
-0.060000,-0.030000,1.63019741,0.12850098,0
-0.055000,-0.030000,1.63019228,0.12500000,0
-0.050000,-0.030000,1.63018715,0.12150103,0
-0.045000,-0.030000,1.63018215,0.11800424,0
-0.040000,-0.030000,1.63017738,0.11401755,0
-0.035000,-0.030000,1.63017333,0.11011358,0
-0.030000,-0.030000,1.63016987,0.10630146,0
-0.025000,-0.030000,1.63016653,0.10259143,0
-0.020000,-0.030000,1.63016343,0.09899495,0
-0.015000,-0.030000,1.63016129,0.09552486,0
-0.010000,-0.030000,1.63015950,0.09219544,0
-0.005000,-0.030000,1.63015854,0.08902247,0
0.000000,-0.030000,1.63015854,0.08602326,0
0.005000,-0.030000,1.63015866,0.08321659,0
0.010000,-0.030000,1.63015890,0.08062258,0
0.015000,-0.030000,1.63015962,0.07826238,0
0.020000,-0.030000,1.63016140,0.07615773,0
0.025000,-0.030000,1.63016343,0.07433034,0
0.030000,-0.030000,1.63016593,0.07280110,0
0.035000,-0.030000,1.63016820,0.07158910,0
0.040000,-0.030000,1.63017058,0.07071067,0
0.045000,-0.030000,1.63017333,0.07017834,0
0.050000,-0.030000,1.63017690,0.07254309,0
0.055000,-0.030000,1.63018084,0.07500000,0
0.060000,-0.030000,1.63018525,0.07754032,0
0.065000,-0.030000,1.63018990,0.08015610,0
0.070000,-0.030000,1.63019562,0.08284021,0
0.075000,-0.030000,1.63020146,0.08558621,0
0.080000,-0.030000,1.63020790,0.08838835,0
0.085000,-0.030000,1.63021433,0.09124144,0
0.090000,-0.030000,1.63022161,0.09414086,0
0.095000,-0.030000,1.63022864,0.09708244,0
0.100000,-0.030000,1.63023615,0.10006247,0
0.105000,-0.030000,1.63024342,0.10307764,0
0.110000,-0.030000,1.63025105,0.10307764,0
0.115000,-0.030000,1.63025939,0.10307764,0
0.120000,-0.030000,1.63026774,0.10307764,0
0.125000,-0.030000,1.63027632,0.10307764,0
0.130000,-0.030000,1.63028538,0.10307764,0
0.135000,-0.030000,1.63029528,0.10307764,0
0.140000,-0.030000,1.63030565,0.10307764,0
0.145000,-0.030000,1.63031662,0.10307764,0
0.150000,-0.030000,1.63032818,0.10307764,0
-0.150000,-0.025000,1.63036048,0.16007811,0
-0.145000,-0.025000,1.63034904,0.16007811,0
-0.140000,-0.025000,1.63033819,0.16007811,0
-0.135000,-0.025000,1.63032782,0.16007811,0
-0.130000,-0.025000,1.63031757,0.16007811,0
-0.125000,-0.025000,1.63030732,0.16007811,0
-0.120000,-0.025000,1.63029766,0.16007811,0
-0.115000,-0.025000,1.63028812,0.16007811,0
-0.110000,-0.025000,1.63027883,0.16007811,0
-0.105000,-0.025000,1.63027012,0.16007811,0
-0.100000,-0.025000,1.63026154,0.16007811,0
-0.095000,-0.025000,1.63025296,0.15656468,0
-0.090000,-0.025000,1.63024521,0.15305229,0
-0.085000,-0.025000,1.63023734,0.14954098,0
-0.080000,-0.025000,1.63022971,0.14603081,0
-0.075000,-0.025000,1.63022220,0.14252193,0
-0.070000,-0.025000,1.63021576,0.13901438,0
-0.065000,-0.025000,1.63020933,0.13550830,0
-0.060000,-0.025000,1.63020325,0.13200378,0
-0.055000,-0.025000,1.63019741,0.12850098,0
-0.050000,-0.025000,1.63019228,0.12500000,0
-0.045000,-0.025000,1.63018715,0.12103719,0
-0.040000,-0.025000,1.63018215,0.11715375,0
-0.035000,-0.025000,1.63017738,0.11335784,0
-0.030000,-0.025000,1.63017333,0.10965856,0
-0.025000,-0.025000,1.63016987,0.10606602,0
-0.020000,-0.025000,1.63016653,0.10259143,0
-0.015000,-0.025000,1.63016343,0.09924717,0
-0.010000,-0.025000,1.63016129,0.09604686,0
-0.005000,-0.025000,1.63015950,0.09300537,0
0.000000,-0.025000,1.63015854,0.09013879,0
0.005000,-0.025000,1.63015854,0.08746428,0
0.010000,-0.025000,1.63015866,0.08500000,0
0.015000,-0.025000,1.63015890,0.08276473,0
0.020000,-0.025000,1.63015962,0.08077747,0
0.025000,-0.025000,1.63016140,0.07905694,0
0.030000,-0.025000,1.63016343,0.07762088,0
0.035000,-0.025000,1.63016593,0.07648529,0
0.040000,-0.025000,1.63016820,0.07566373,0
0.045000,-0.025000,1.63017058,0.07516649,0
0.050000,-0.025000,1.63017333,0.07500000,0
0.055000,-0.025000,1.63017690,0.07754032,0
0.060000,-0.025000,1.63018084,0.08015610,0
0.065000,-0.025000,1.63018525,0.08284020,0
0.070000,-0.025000,1.63018990,0.08558621,0
0.075000,-0.025000,1.63019562,0.08838835,0
0.080000,-0.025000,1.63020146,0.09124143,0
0.085000,-0.025000,1.63020790,0.09414086,0
0.090000,-0.025000,1.63021433,0.09708244,0
0.095000,-0.025000,1.63022161,0.10006247,0
0.100000,-0.025000,1.63022864,0.10307764,0
0.105000,-0.025000,1.63023615,0.10307764,0
0.110000,-0.025000,1.63024342,0.10307764,0
0.115000,-0.025000,1.63025105,0.10307764,0
0.120000,-0.025000,1.63025939,0.10307764,0
0.125000,-0.025000,1.63026774,0.10307764,0
0.130000,-0.025000,1.63027632,0.10307764,0
0.135000,-0.025000,1.63028538,0.10307764,0
0.140000,-0.025000,1.63029528,0.10307764,0
0.145000,-0.025000,1.63030565,0.10307764,0
0.150000,-0.025000,1.63031662,0.10307764,0
-0.150000,-0.020000,1.63037252,0.16007811,0
-0.145000,-0.020000,1.63036048,0.16007811,0
-0.140000,-0.020000,1.63034904,0.16007811,0
-0.135000,-0.020000,1.63033819,0.16007811,0
-0.130000,-0.020000,1.63032782,0.16007811,0
-0.125000,-0.020000,1.63031757,0.16007811,0
-0.120000,-0.020000,1.63030732,0.16007811,0
-0.115000,-0.020000,1.63029766,0.16007811,0
-0.110000,-0.020000,1.63028812,0.16007811,0
-0.105000,-0.020000,1.63027883,0.16007811,0
-0.100000,-0.020000,1.63027012,0.16007811,0
-0.095000,-0.020000,1.63026154,0.16007809,0
-0.090000,-0.020000,1.63025296,0.15656468,0
-0.085000,-0.020000,1.63024521,0.15305229,0
-0.080000,-0.020000,1.63023734,0.14954098,0
-0.075000,-0.020000,1.63022971,0.14603083,0
-0.070000,-0.020000,1.63022220,0.14252193,0
-0.065000,-0.020000,1.63021576,0.13901438,0
-0.060000,-0.020000,1.63020933,0.13550830,0
-0.055000,-0.020000,1.63020325,0.13200378,0
-0.050000,-0.020000,1.63019741,0.12806249,0
-0.045000,-0.020000,1.63019228,0.12419742,0
-0.040000,-0.020000,1.63018715,0.12041594,0
-0.035000,-0.020000,1.63018215,0.11672617,0
-0.030000,-0.020000,1.63017738,0.11313708,0
-0.025000,-0.020000,1.63017333,0.10965856,0
-0.020000,-0.020000,1.63016987,0.10630146,0
-0.015000,-0.020000,1.63016653,0.10307764,0
-0.010000,-0.020000,1.63016343,0.10000000,0
-0.005000,-0.020000,1.63016129,0.09708244,0
0.000000,-0.020000,1.63015950,0.09433981,0
0.005000,-0.020000,1.63015854,0.09178780,0
0.010000,-0.020000,1.63015854,0.08944272,0
0.015000,-0.020000,1.63015866,0.08732124,0
0.020000,-0.020000,1.63015890,0.08544003,0
0.025000,-0.020000,1.63015962,0.08381527,0
0.030000,-0.020000,1.63016140,0.08246211,0
0.035000,-0.020000,1.63016343,0.08139411,0
0.040000,-0.020000,1.63016593,0.08062258,0
0.045000,-0.020000,1.63016820,0.08015610,0
0.050000,-0.020000,1.63017058,0.08000000,0
0.055000,-0.020000,1.63017333,0.08015610,0
0.060000,-0.020000,1.63017690,0.08284020,0
0.065000,-0.020000,1.63018084,0.08558621,0
0.070000,-0.020000,1.63018525,0.08838835,0
0.075000,-0.020000,1.63018990,0.09124144,0
0.080000,-0.020000,1.63019562,0.09414086,0
0.085000,-0.020000,1.63020146,0.09708244,0
0.090000,-0.020000,1.63020790,0.10006247,0
0.095000,-0.020000,1.63021433,0.10307764,0
0.100000,-0.020000,1.63022161,0.10307764,0
0.105000,-0.020000,1.63022864,0.10307764,0
0.110000,-0.020000,1.63023615,0.10307764,0
0.115000,-0.020000,1.63024342,0.10307764,0
0.120000,-0.020000,1.63025105,0.10307764,0
0.125000,-0.020000,1.63025939,0.10307764,0
0.130000,-0.020000,1.63026774,0.10307764,0
0.135000,-0.020000,1.63027632,0.10307764,0
0.140000,-0.020000,1.63028538,0.10307764,0
0.145000,-0.020000,1.63029528,0.10307764,0
0.150000,-0.020000,1.63030565,0.10307764,0
-0.150000,-0.015000,1.63038456,0.16007811,0
-0.145000,-0.015000,1.63037252,0.16007811,0
-0.140000,-0.015000,1.63036048,0.16007811,0
-0.135000,-0.015000,1.63034904,0.16007811,0
-0.130000,-0.015000,1.63033819,0.16007811,0
-0.125000,-0.015000,1.63032782,0.16007811,0
-0.120000,-0.015000,1.63031757,0.16007811,0
-0.115000,-0.015000,1.63030732,0.16007811,0
-0.110000,-0.015000,1.63029766,0.16007811,0
-0.105000,-0.015000,1.63028812,0.16007811,0
-0.100000,-0.015000,1.63027883,0.16007811,0
-0.095000,-0.015000,1.63027012,0.16007811,0
-0.090000,-0.015000,1.63026154,0.16007811,0
-0.085000,-0.015000,1.63025296,0.15656468,0
-0.080000,-0.015000,1.63024521,0.15305229,0
-0.075000,-0.015000,1.63023734,0.14954098,0
-0.070000,-0.015000,1.63022971,0.14603081,0
-0.065000,-0.015000,1.63022220,0.14252193,0
-0.060000,-0.015000,1.63021576,0.13901438,0
-0.055000,-0.015000,1.63020933,0.13509257,0
-0.050000,-0.015000,1.63020325,0.13124405,0
-0.045000,-0.015000,1.63019741,0.12747549,0
-0.040000,-0.015000,1.63019228,0.12379418,0
-0.035000,-0.015000,1.63018715,0.12020815,0
-0.030000,-0.015000,1.63018215,0.11672617,0
-0.025000,-0.015000,1.63017738,0.11335784,0
-0.020000,-0.015000,1.63017333,0.11011358,0
-0.015000,-0.015000,1.63016987,0.10700467,0
-0.010000,-0.015000,1.63016653,0.10404326,0
-0.005000,-0.015000,1.63016343,0.10124228,0
0.000000,-0.015000,1.63016129,0.09861542,0
0.005000,-0.015000,1.63015950,0.09617692,0
0.010000,-0.015000,1.63015854,0.09394147,0
0.015000,-0.015000,1.63015854,0.09192389,0
0.020000,-0.015000,1.63015866,0.09013879,0
0.025000,-0.015000,1.63015890,0.08860023,0
0.030000,-0.015000,1.63015962,0.08732125,0
0.035000,-0.015000,1.63016140,0.08631338,0
0.040000,-0.015000,1.63016343,0.08558621,0
0.045000,-0.015000,1.63016593,0.08514693,0
0.050000,-0.015000,1.63016820,0.08500000,0
0.055000,-0.015000,1.63017058,0.08514693,0
0.060000,-0.015000,1.63017333,0.08558621,0
0.065000,-0.015000,1.63017690,0.08838835,0
0.070000,-0.015000,1.63018084,0.09124144,0
0.075000,-0.015000,1.63018525,0.09414086,0
0.080000,-0.015000,1.63018990,0.09708244,0
0.085000,-0.015000,1.63019562,0.10006248,0
0.090000,-0.015000,1.63020146,0.10307764,0
0.095000,-0.015000,1.63020790,0.10307764,0
0.100000,-0.015000,1.63021433,0.10307764,0
0.105000,-0.015000,1.63022161,0.10307764,0
0.110000,-0.015000,1.63022864,0.10307764,0
0.115000,-0.015000,1.63023615,0.10307764,0
0.120000,-0.015000,1.63024342,0.10307764,0
0.125000,-0.015000,1.63025105,0.10307764,0
0.130000,-0.015000,1.63025939,0.10307764,0
0.135000,-0.015000,1.63026774,0.10307764,0
0.140000,-0.015000,1.63027632,0.10307764,0
0.145000,-0.015000,1.63028538,0.10307764,0
0.150000,-0.015000,1.63029528,0.10307764,0
-0.150000,-0.010000,1.63039672,0.16007811,0
-0.145000,-0.010000,1.63038456,0.16007811,0
-0.140000,-0.010000,1.63037252,0.16007811,0
-0.135000,-0.010000,1.63036048,0.16007811,0
-0.130000,-0.010000,1.63034904,0.16007811,0
-0.125000,-0.010000,1.63033819,0.16007811,0
-0.120000,-0.010000,1.63032782,0.16007811,0
-0.115000,-0.010000,1.63031757,0.16007811,0
-0.110000,-0.010000,1.63030732,0.16007811,0
-0.105000,-0.010000,1.63029766,0.16007811,0
-0.100000,-0.010000,1.63028812,0.16007811,0
-0.095000,-0.010000,1.63027883,0.16007811,0
-0.090000,-0.010000,1.63027012,0.16007811,0
-0.085000,-0.010000,1.63026154,0.16007811,0
-0.080000,-0.010000,1.63025296,0.15656468,0
-0.075000,-0.010000,1.63024521,0.15305229,0
-0.070000,-0.010000,1.63023734,0.14954098,0
-0.065000,-0.010000,1.63022971,0.14603081,0
-0.060000,-0.010000,1.63022220,0.14212669,0
-0.055000,-0.010000,1.63021576,0.13829318,0
-0.050000,-0.010000,1.63020933,0.13453624,0
-0.045000,-0.010000,1.63020325,0.13086252,0
-0.040000,-0.010000,1.63019741,0.12727922,0
-0.035000,-0.010000,1.63019228,0.12379418,0
-0.030000,-0.010000,1.63018715,0.12041594,0
-0.025000,-0.010000,1.63018215,0.11715375,0
-0.020000,-0.010000,1.63017738,0.11401755,0
-0.015000,-0.010000,1.63017333,0.11101802,0
-0.010000,-0.010000,1.63016987,0.10816654,0
-0.005000,-0.010000,1.63016653,0.10547511,0
0.000000,-0.010000,1.63016343,0.10295630,0
0.005000,-0.010000,1.63016129,0.10062306,0
0.010000,-0.010000,1.63015950,0.09848858,0
0.015000,-0.010000,1.63015854,0.09656604,0
0.020000,-0.010000,1.63015854,0.09486833,0
0.025000,-0.010000,1.63015866,0.09340771,0
0.030000,-0.010000,1.63015890,0.09219544,0
0.035000,-0.010000,1.63015962,0.09124144,0
0.040000,-0.010000,1.63016140,0.09055385,0
0.045000,-0.010000,1.63016343,0.09013879,0
0.050000,-0.010000,1.63016593,0.09000000,0
0.055000,-0.010000,1.63016820,0.09013879,0
0.060000,-0.010000,1.63017058,0.09055385,0
0.065000,-0.010000,1.63017333,0.09124144,0
0.070000,-0.010000,1.63017690,0.09414086,0
0.075000,-0.010000,1.63018084,0.09708244,0
0.080000,-0.010000,1.63018525,0.10006247,0
0.085000,-0.010000,1.63018990,0.10307764,0
0.090000,-0.010000,1.63019562,0.10307764,0
0.095000,-0.010000,1.63020146,0.10307764,0
0.100000,-0.010000,1.63020790,0.10307764,0
0.105000,-0.010000,1.63021433,0.10307764,0
0.110000,-0.010000,1.63022161,0.10307764,0
0.115000,-0.010000,1.63022864,0.10307764,0
0.120000,-0.010000,1.63023615,0.10307764,0
0.125000,-0.010000,1.63024342,0.10307764,0
0.130000,-0.010000,1.63025105,0.10307764,0
0.135000,-0.010000,1.63025939,0.10307764,0
0.140000,-0.010000,1.63026774,0.10307764,0
0.145000,-0.010000,1.63027632,0.10307764,0
0.150000,-0.010000,1.63028538,0.10307764,0
-0.150000,-0.005000,1.63040876,0.16007811,0
-0.145000,-0.005000,1.63039672,0.16007811,0
-0.140000,-0.005000,1.63038456,0.16007811,0
-0.135000,-0.005000,1.63037252,0.16007811,0
-0.130000,-0.005000,1.63036048,0.16007811,0
-0.125000,-0.005000,1.63034904,0.16007811,0
-0.120000,-0.005000,1.63033819,0.16007811,0
-0.115000,-0.005000,1.63032782,0.16007811,0
-0.110000,-0.005000,1.63031757,0.16007811,0
-0.105000,-0.005000,1.63030732,0.16007811,0
-0.100000,-0.005000,1.63029766,0.16007811,0
-0.095000,-0.005000,1.63028812,0.16007811,0
-0.090000,-0.005000,1.63027883,0.16007811,0
-0.085000,-0.005000,1.63027012,0.16007811,0
-0.080000,-0.005000,1.63026154,0.16007811,0
-0.075000,-0.005000,1.63025296,0.15656468,0
-0.070000,-0.005000,1.63024521,0.15305229,0
-0.065000,-0.005000,1.63023734,0.14916433,0
-0.060000,-0.005000,1.63022971,0.14534442,0
-0.055000,-0.005000,1.63022220,0.14159803,0
-0.050000,-0.005000,1.63021576,0.13793115,0
-0.045000,-0.005000,1.63020933,0.13435028,0
-0.040000,-0.005000,1.63020325,0.13086252,0
-0.035000,-0.005000,1.63019741,0.12747549,0
-0.030000,-0.005000,1.63019228,0.12419742,0
-0.025000,-0.005000,1.63018715,0.12103719,0
-0.020000,-0.005000,1.63018215,0.11800424,0
-0.015000,-0.005000,1.63017738,0.11510865,0
-0.010000,-0.005000,1.63017333,0.11236103,0
-0.005000,-0.005000,1.63016987,0.10977249,0
0.000000,-0.005000,1.63016653,0.10735455,0
0.005000,-0.005000,1.63016343,0.10511898,0
0.010000,-0.005000,1.63016129,0.10307764,0
0.015000,-0.005000,1.63015950,0.10124228,0
0.020000,-0.005000,1.63015854,0.09962430,0
0.025000,-0.005000,1.63015854,0.09823442,0
0.030000,-0.005000,1.63015866,0.09708244,0
0.035000,-0.005000,1.63015890,0.09617692,0
0.040000,-0.005000,1.63015962,0.09552486,0
0.045000,-0.005000,1.63016140,0.09513149,0
0.050000,-0.005000,1.63016343,0.09500000,0
0.055000,-0.005000,1.63016593,0.09513149,0
0.060000,-0.005000,1.63016820,0.09552486,0
0.065000,-0.005000,1.63017058,0.09617692,0
0.070000,-0.005000,1.63017333,0.09708244,0
0.075000,-0.005000,1.63017690,0.10006248,0
0.080000,-0.005000,1.63018084,0.10307764,0
0.085000,-0.005000,1.63018525,0.10307764,0
0.090000,-0.005000,1.63018990,0.10307764,0
0.095000,-0.005000,1.63019562,0.10307764,0
0.100000,-0.005000,1.63020146,0.10307764,0
0.105000,-0.005000,1.63020790,0.10307764,0
0.110000,-0.005000,1.63021433,0.10307764,0
0.115000,-0.005000,1.63022161,0.10307764,0
0.120000,-0.005000,1.63022864,0.10307764,0
0.125000,-0.005000,1.63023615,0.10307764,0
0.130000,-0.005000,1.63024342,0.10307764,0
0.135000,-0.005000,1.63025105,0.10307764,0
0.140000,-0.005000,1.63025939,0.10307764,0
0.145000,-0.005000,1.63026774,0.10307764,0
0.150000,-0.005000,1.63027632,0.10307764,0
-0.150000,0.000000,1.63042140,0.16007811,0
-0.145000,0.000000,1.63040876,0.16007811,0
-0.140000,0.000000,1.63039672,0.16007811,0
-0.135000,0.000000,1.63038456,0.16007811,0
-0.130000,0.000000,1.63037252,0.16007811,0
-0.125000,0.000000,1.63036048,0.16007811,0
-0.120000,0.000000,1.63034904,0.16007811,0
-0.115000,0.000000,1.63033819,0.16007811,0
-0.110000,0.000000,1.63032782,0.16007811,0
-0.105000,0.000000,1.63031757,0.16007811,0
-0.100000,0.000000,1.63030732,0.16007811,0
-0.095000,0.000000,1.63029766,0.16007811,0
-0.090000,0.000000,1.63028812,0.16007811,0
-0.085000,0.000000,1.63027883,0.16007811,0
-0.080000,0.000000,1.63027012,0.16007811,0
-0.075000,0.000000,1.63026154,0.16007811,0
-0.070000,0.000000,1.63025296,0.15620500,0
-0.065000,0.000000,1.63024521,0.15239750,0
-0.060000,0.000000,1.63023734,0.14866069,0
-0.055000,0.000000,1.63022971,0.14500001,0
-0.050000,0.000000,1.63022220,0.14142136,0
-0.045000,0.000000,1.63021576,0.13793115,0
-0.040000,0.000000,1.63020933,0.13453624,0
-0.035000,0.000000,1.63020325,0.13124405,0
-0.030000,0.000000,1.63019741,0.12806249,0
-0.025000,0.000000,1.63019228,0.12500000,0
-0.020000,0.000000,1.63018715,0.12206556,0
-0.015000,0.000000,1.63018215,0.11926860,0
-0.010000,0.000000,1.63017738,0.11661904,0
-0.005000,0.000000,1.63017333,0.11412712,0
0.000000,0.000000,1.63016987,0.11180340,0
0.005000,0.000000,1.63016653,0.10965856,0
0.010000,0.000000,1.63016343,0.10770330,0
0.015000,0.000000,1.63016129,0.10594811,0
0.020000,0.000000,1.63015950,0.10440307,0
0.025000,0.000000,1.63015854,0.10307764,0
0.030000,0.000000,1.63015854,0.10198040,0
0.035000,0.000000,1.63015866,0.10111874,0
0.040000,0.000000,1.63015890,0.10049876,0
0.045000,0.000000,1.63015962,0.10012493,0
0.050000,0.000000,1.63016140,0.10000000,0
0.055000,0.000000,1.63016343,0.10012493,0
0.060000,0.000000,1.63016593,0.10049876,0
0.065000,0.000000,1.63016820,0.10111874,0
0.070000,0.000000,1.63017058,0.10198040,0
0.075000,0.000000,1.63017333,0.10307764,0
0.080000,0.000000,1.63017690,0.10307764,0
0.085000,0.000000,1.63018084,0.10307764,0
0.090000,0.000000,1.63018525,0.10307764,0
0.095000,0.000000,1.63018990,0.10307764,0
0.100000,0.000000,1.63019562,0.10307764,0
0.105000,0.000000,1.63020146,0.10307764,0
0.110000,0.000000,1.63020790,0.10307764,0
0.115000,0.000000,1.63021433,0.10307764,0
0.120000,0.000000,1.63022161,0.10307764,0
0.125000,0.000000,1.63022864,0.10307764,0
0.130000,0.000000,1.63023615,0.10307764,0
0.135000,0.000000,1.63024342,0.10307764,0
0.140000,0.000000,1.63025105,0.10307764,0
0.145000,0.000000,1.63025939,0.10307764,0
0.150000,0.000000,1.63026774,0.10307764,0
-0.150000,0.005000,1.63043416,0.16007811,0
-0.145000,0.005000,1.63042140,0.16007811,0
-0.140000,0.005000,1.63040876,0.16007811,0
-0.135000,0.005000,1.63039672,0.16007811,0
-0.130000,0.005000,1.63038456,0.16007811,0
-0.125000,0.005000,1.63037252,0.16007811,0
-0.120000,0.005000,1.63036048,0.16007811,0
-0.115000,0.005000,1.63034904,0.16007811,0
-0.110000,0.005000,1.63033819,0.16007811,0
-0.105000,0.005000,1.63032782,0.16007811,0
-0.100000,0.005000,1.63031757,0.16007811,0
-0.095000,0.005000,1.63030732,0.16007811,0
-0.090000,0.005000,1.63029766,0.16007811,0
-0.085000,0.005000,1.63028812,0.16007811,0
-0.080000,0.005000,1.63027883,0.16007811,0
-0.075000,0.005000,1.63027012,0.15972634,0
-0.070000,0.005000,1.63026154,0.15945220,0
-0.065000,0.005000,1.63025296,0.15572412,0
-0.060000,0.005000,1.63024521,0.15206906,0
-0.055000,0.005000,1.63023734,0.14849243,0
-0.050000,0.005000,1.63022971,0.14500001,0
-0.045000,0.005000,1.63022220,0.14159803,0
-0.040000,0.005000,1.63021576,0.13829318,0
-0.035000,0.005000,1.63020933,0.13509257,0
-0.030000,0.005000,1.63020325,0.13200378,0
-0.025000,0.005000,1.63019741,0.12903489,0
-0.020000,0.005000,1.63019228,0.12619430,0
-0.015000,0.005000,1.63018715,0.12349089,0
-0.010000,0.005000,1.63018215,0.12093388,0
-0.005000,0.005000,1.63017738,0.11853270,0
0.000000,0.005000,1.63017333,0.11629704,0
0.005000,0.005000,1.63016987,0.11423660,0
0.010000,0.005000,1.63016653,0.11236103,0
0.015000,0.005000,1.63016343,0.11067972,0
0.020000,0.005000,1.63016129,0.10920165,0
0.025000,0.005000,1.63015950,0.10793518,0
0.030000,0.005000,1.63015854,0.10688780,0
0.035000,0.005000,1.63015854,0.10606603,0
0.040000,0.005000,1.63015866,0.10547512,0
0.045000,0.005000,1.63015890,0.10511899,0
0.050000,0.005000,1.63015962,0.10500000,0
0.055000,0.005000,1.63016140,0.10511899,0
0.060000,0.005000,1.63016343,0.10547512,0
0.065000,0.005000,1.63016593,0.10606603,0
0.070000,0.005000,1.63016820,0.10688780,0
0.075000,0.005000,1.63017058,0.10494046,0
0.080000,0.005000,1.63017333,0.10307764,0
0.085000,0.005000,1.63017690,0.10307764,0
0.090000,0.005000,1.63018084,0.10307764,0
0.095000,0.005000,1.63018525,0.10307764,0
0.100000,0.005000,1.63018990,0.10307764,0
0.105000,0.005000,1.63019562,0.10307764,0
0.110000,0.005000,1.63020146,0.10307764,0
0.115000,0.005000,1.63020790,0.10307764,0
0.120000,0.005000,1.63021433,0.10307764,0
0.125000,0.005000,1.63022161,0.10307764,0
0.130000,0.005000,1.63022864,0.10307764,0
0.135000,0.005000,1.63023615,0.10307764,0
0.140000,0.005000,1.63024342,0.10307764,0
0.145000,0.005000,1.63025105,0.10307764,0
0.150000,0.005000,1.63025939,0.10307764,0
-0.150000,0.010000,1.63044727,0.16007811,0
-0.145000,0.010000,1.63043416,0.16007811,0
-0.140000,0.010000,1.63042140,0.16007811,0
-0.135000,0.010000,1.63040876,0.16007811,0
-0.130000,0.010000,1.63039672,0.16007811,0
-0.125000,0.010000,1.63038456,0.16007811,0
-0.120000,0.010000,1.63037252,0.16007811,0
-0.115000,0.010000,1.63036048,0.16007811,0
-0.110000,0.010000,1.63034904,0.16007811,0
-0.105000,0.010000,1.63033819,0.16007811,0
-0.100000,0.010000,1.63032782,0.16007811,0
-0.095000,0.010000,1.63031757,0.16007811,0
-0.090000,0.010000,1.63030732,0.16007811,0
-0.085000,0.010000,1.63029766,0.16007811,0
-0.080000,0.010000,1.63028812,0.15972634,0
-0.075000,0.010000,1.63027883,0.15945220,0
-0.070000,0.010000,1.63027012,0.15925609,0
-0.065000,0.010000,1.63026154,0.15913831,0
-0.060000,0.010000,1.63025296,0.15556349,0
-0.055000,0.010000,1.63024521,0.15206906,0
-0.050000,0.010000,1.63023734,0.14866069,0
-0.045000,0.010000,1.63022971,0.14534442,0
-0.040000,0.010000,1.63022220,0.14212669,0
-0.035000,0.010000,1.63021576,0.13901438,0
-0.030000,0.010000,1.63020933,0.13601470,0
-0.025000,0.010000,1.63020325,0.13313527,0
-0.020000,0.010000,1.63019741,0.13038406,0
-0.015000,0.010000,1.63019228,0.12776932,0
-0.010000,0.010000,1.63018715,0.12529963,0
-0.005000,0.010000,1.63018215,0.12298374,0
0.000000,0.010000,1.63017738,0.12083046,0
0.005000,0.010000,1.63017333,0.11884864,0
0.010000,0.010000,1.63016987,0.11704700,0
0.015000,0.010000,1.63016653,0.11543396,0
0.020000,0.010000,1.63016343,0.11401755,0
0.025000,0.010000,1.63016129,0.11280514,0
0.030000,0.010000,1.63015950,0.11180340,0
0.035000,0.010000,1.63015854,0.11101802,0
0.040000,0.010000,1.63015854,0.11045361,0
0.045000,0.010000,1.63015866,0.11011358,0
0.050000,0.010000,1.63015890,0.11000000,0
0.055000,0.010000,1.63015962,0.11011358,0
0.060000,0.010000,1.63016140,0.11045361,0
0.065000,0.010000,1.63016343,0.11101802,0
0.070000,0.010000,1.63016593,0.10891511,0
0.075000,0.010000,1.63016820,0.10688780,0
0.080000,0.010000,1.63017058,0.10494047,0
0.085000,0.010000,1.63017333,0.10307764,0
0.090000,0.010000,1.63017690,0.10307764,0
0.095000,0.010000,1.63018084,0.10307764,0
0.100000,0.010000,1.63018525,0.10307764,0
0.105000,0.010000,1.63018990,0.10307764,0
0.110000,0.010000,1.63019562,0.10307764,0
0.115000,0.010000,1.63020146,0.10307764,0
0.120000,0.010000,1.63020790,0.10307764,0
0.125000,0.010000,1.63021433,0.10307764,0
0.130000,0.010000,1.63022161,0.10307764,0
0.135000,0.010000,1.63022864,0.10307764,0
0.140000,0.010000,1.63023615,0.10307764,0
0.145000,0.010000,1.63024342,0.10307764,0
0.150000,0.010000,1.63025105,0.10307764,0
-0.150000,0.015000,1.63046026,0.16007811,0
-0.145000,0.015000,1.63044727,0.16007811,0
-0.140000,0.015000,1.63043416,0.16007811,0
-0.135000,0.015000,1.63042140,0.16007811,0
-0.130000,0.015000,1.63040876,0.16007811,0
-0.125000,0.015000,1.63039672,0.16007811,0
-0.120000,0.015000,1.63038456,0.16007811,0
-0.115000,0.015000,1.63037252,0.16007811,0
-0.110000,0.015000,1.63036048,0.16007811,0
-0.105000,0.015000,1.63034904,0.16007811,0
-0.100000,0.015000,1.63033819,0.16007811,0
-0.095000,0.015000,1.63032782,0.16007811,0
-0.090000,0.015000,1.63031757,0.16007811,0
-0.085000,0.015000,1.63030732,0.15972634,0
-0.080000,0.015000,1.63029766,0.15945220,0
-0.075000,0.015000,1.63028812,0.15925609,0
-0.070000,0.015000,1.63027883,0.15913831,0
-0.065000,0.015000,1.63027012,0.15909903,0
-0.060000,0.015000,1.63026154,0.15913831,0
-0.055000,0.015000,1.63025296,0.15572412,0
-0.050000,0.015000,1.63024521,0.15239751,0
-0.045000,0.015000,1.63023734,0.14916433,0
-0.040000,0.015000,1.63022971,0.14603081,0
-0.035000,0.015000,1.63022220,0.14300349,0
-0.030000,0.015000,1.63021576,0.14008926,0
-0.025000,0.015000,1.63020933,0.13729531,0
-0.020000,0.015000,1.63020325,0.13462913,0
-0.015000,0.015000,1.63019741,0.13209845,0
-0.010000,0.015000,1.63019228,0.12971121,0
-0.005000,0.015000,1.63018715,0.12747549,0
0.000000,0.015000,1.63018215,0.12539937,0
0.005000,0.015000,1.63017738,0.12349089,0
0.010000,0.015000,1.63017333,0.12175796,0
0.015000,0.015000,1.63016987,0.12020815,0
0.020000,0.015000,1.63016653,0.11884864,0
0.025000,0.015000,1.63016343,0.11768603,0
0.030000,0.015000,1.63016129,0.11672617,0
0.035000,0.015000,1.63015950,0.11597414,0
0.040000,0.015000,1.63015854,0.11543396,0
0.045000,0.015000,1.63015854,0.11510865,0
0.050000,0.015000,1.63015866,0.11500000,0
0.055000,0.015000,1.63015890,0.11510865,0
0.060000,0.015000,1.63015962,0.11543396,0
0.065000,0.015000,1.63016140,0.11319232,0
0.070000,0.015000,1.63016343,0.11101802,0
0.075000,0.015000,1.63016593,0.10891511,0
0.080000,0.015000,1.63016820,0.10688780,0
0.085000,0.015000,1.63017058,0.10494046,0
0.090000,0.015000,1.63017333,0.10307764,0
0.095000,0.015000,1.63017690,0.10307764,0
0.100000,0.015000,1.63018084,0.10307764,0
0.105000,0.015000,1.63018525,0.10307764,0
0.110000,0.015000,1.63018990,0.10307764,0
0.115000,0.015000,1.63019562,0.10307764,0
0.120000,0.015000,1.63020146,0.10307764,0
0.125000,0.015000,1.63020790,0.10307764,0
0.130000,0.015000,1.63021433,0.10307764,0
0.135000,0.015000,1.63022161,0.10307764,0
0.140000,0.015000,1.63022864,0.10307764,0
0.145000,0.015000,1.63023615,0.10307764,0
0.150000,0.015000,1.63024342,0.10307764,0
-0.150000,0.020000,1.63047361,0.16007811,0
-0.145000,0.020000,1.63046026,0.16007811,0
-0.140000,0.020000,1.63044727,0.16007811,0
-0.135000,0.020000,1.63043416,0.16007811,0
-0.130000,0.020000,1.63042140,0.16007811,0
-0.125000,0.020000,1.63040876,0.16007811,0
-0.120000,0.020000,1.63039672,0.16007811,0
-0.115000,0.020000,1.63038456,0.16007811,0
-0.110000,0.020000,1.63037252,0.16007811,0
-0.105000,0.020000,1.63036048,0.16007811,0
-0.100000,0.020000,1.63034904,0.16007811,0
-0.095000,0.020000,1.63033819,0.16007811,0
-0.090000,0.020000,1.63032782,0.15972634,0
-0.085000,0.020000,1.63031757,0.15945220,0
-0.080000,0.020000,1.63030732,0.15925609,0
-0.075000,0.020000,1.63029766,0.15913831,0
-0.070000,0.020000,1.63028812,0.15909903,0
-0.065000,0.020000,1.63027883,0.15913831,0
-0.060000,0.020000,1.63027012,0.15925609,0
-0.055000,0.020000,1.63026154,0.15945220,0
-0.050000,0.020000,1.63025296,0.15620500,0
-0.045000,0.020000,1.63024521,0.15305229,0
-0.040000,0.020000,1.63023734,0.15000001,0
-0.035000,0.020000,1.63022971,0.14705442,0
-0.030000,0.020000,1.63022220,0.14422205,0
-0.025000,0.020000,1.63021576,0.14150971,0
-0.020000,0.020000,1.63020933,0.13892445,0
-0.015000,0.020000,1.63020325,0.13647345,0
-0.010000,0.020000,1.63019741,0.13416408,0
-0.005000,0.020000,1.63019228,0.13200378,0
0.000000,0.020000,1.63018715,0.13000001,0
0.005000,0.020000,1.63018215,0.12816006,0
0.010000,0.020000,1.63017738,0.12649111,0
0.015000,0.020000,1.63017333,0.12500000,0
0.020000,0.020000,1.63016987,0.12369318,0
0.025000,0.020000,1.63016653,0.12257651,0
0.030000,0.020000,1.63016343,0.12165526,0
0.035000,0.020000,1.63016129,0.12093387,0
0.040000,0.020000,1.63015950,0.12041595,0
0.045000,0.020000,1.63015854,0.12010413,0
0.050000,0.020000,1.63015854,0.12000000,0
0.055000,0.020000,1.63015866,0.12010413,0
0.060000,0.020000,1.63015890,0.11773913,0
0.065000,0.020000,1.63015962,0.11543398,0
0.070000,0.020000,1.63016140,0.11319231,0
0.075000,0.020000,1.63016343,0.11101802,0
0.080000,0.020000,1.63016593,0.10891511,0
0.085000,0.020000,1.63016820,0.10688780,0
0.090000,0.020000,1.63017058,0.10494047,0
0.095000,0.020000,1.63017333,0.10307765,0
0.100000,0.020000,1.63017690,0.10307764,0
0.105000,0.020000,1.63018084,0.10307764,0
0.110000,0.020000,1.63018525,0.10307764,0
0.115000,0.020000,1.63018990,0.10307764,0
0.120000,0.020000,1.63019562,0.10307764,0
0.125000,0.020000,1.63020146,0.10307764,0
0.130000,0.020000,1.63020790,0.10307764,0
0.135000,0.020000,1.63021433,0.10307764,0
0.140000,0.020000,1.63022161,0.10307764,0
0.145000,0.020000,1.63022864,0.10307764,0
0.150000,0.020000,1.63023615,0.10307764,0
-0.150000,0.025000,1.63048661,0.16007811,0
-0.145000,0.025000,1.63047361,0.16007811,0
-0.140000,0.025000,1.63046026,0.16007811,0
-0.135000,0.025000,1.63044727,0.16007811,0
-0.130000,0.025000,1.63043416,0.16007811,0
-0.125000,0.025000,1.63042140,0.16007811,0
-0.120000,0.025000,1.63040876,0.16007811,0
-0.115000,0.025000,1.63039672,0.16007811,0
-0.110000,0.025000,1.63038456,0.16007811,0
-0.105000,0.025000,1.63037252,0.16007811,0
-0.100000,0.025000,1.63036048,0.16007811,0
-0.095000,0.025000,1.63034904,0.15972634,0
-0.090000,0.025000,1.63033819,0.15945220,0
-0.085000,0.025000,1.63032782,0.15925609,0
-0.080000,0.025000,1.63031757,0.15913831,0
-0.075000,0.025000,1.63030732,0.15909903,0
-0.070000,0.025000,1.63029766,0.15913831,0
-0.065000,0.025000,1.63028812,0.15925609,0
-0.060000,0.025000,1.63027883,0.15945220,0
-0.055000,0.025000,1.63027012,0.15972634,0
-0.050000,0.025000,1.63026154,0.16007811,0
-0.045000,0.025000,1.63025296,0.15700318,0
-0.040000,0.025000,1.63024521,0.15402922,0
-0.035000,0.025000,1.63023734,0.15116216,0
-0.030000,0.025000,1.63022971,0.14840822,0
-0.025000,0.025000,1.63022220,0.14577380,0
-0.020000,0.025000,1.63021576,0.14326549,0
-0.015000,0.025000,1.63020933,0.14089003,0
-0.010000,0.025000,1.63020325,0.13865425,0
-0.005000,0.025000,1.63019741,0.13656500,0
0.000000,0.025000,1.63019228,0.13462912,0
0.005000,0.025000,1.63018715,0.13285330,0
0.010000,0.025000,1.63018215,0.13124405,0
0.015000,0.025000,1.63017738,0.12980755,0
0.020000,0.025000,1.63017333,0.12854961,0
0.025000,0.025000,1.63016987,0.12747549,0
0.030000,0.025000,1.63016653,0.12658988,0
0.035000,0.025000,1.63016343,0.12589678,0
0.040000,0.025000,1.63016129,0.12539937,0
0.045000,0.025000,1.63015950,0.12509996,0
0.050000,0.025000,1.63015854,0.12500000,0
0.055000,0.025000,1.63015854,0.12252551,0
0.060000,0.025000,1.63015866,0.12010413,0
0.065000,0.025000,1.63015890,0.11773913,0
0.070000,0.025000,1.63015962,0.11543396,0
0.075000,0.025000,1.63016140,0.11319232,0
0.080000,0.025000,1.63016343,0.11101802,0
0.085000,0.025000,1.63016593,0.10891511,0
0.090000,0.025000,1.63016820,0.10688780,0
0.095000,0.025000,1.63017058,0.10494047,0
0.100000,0.025000,1.63017333,0.10307764,0
0.105000,0.025000,1.63017690,0.10307764,0
0.110000,0.025000,1.63018084,0.10307764,0
0.115000,0.025000,1.63018525,0.10307764,0
0.120000,0.025000,1.63018990,0.10307764,0
0.125000,0.025000,1.63019562,0.10307764,0
0.130000,0.025000,1.63020146,0.10307764,0
0.135000,0.025000,1.63020790,0.10307764,0
0.140000,0.025000,1.63021433,0.10307764,0
0.145000,0.025000,1.63022161,0.10307764,0
0.150000,0.025000,1.63022864,0.10307764,0
-0.150000,0.030000,1.63050032,0.16007811,0
-0.145000,0.030000,1.63048661,0.16007811,0
-0.140000,0.030000,1.63047361,0.16007811,0
-0.135000,0.030000,1.63046026,0.16007811,0
-0.130000,0.030000,1.63044727,0.16007811,0
-0.125000,0.030000,1.63043416,0.16007811,0
-0.120000,0.030000,1.63042140,0.16007811,0
-0.115000,0.030000,1.63040876,0.16007811,0
-0.110000,0.030000,1.63039672,0.16007811,0
-0.105000,0.030000,1.63038456,0.16007811,0
-0.100000,0.030000,1.63037252,0.15972634,0
-0.095000,0.030000,1.63036048,0.15945220,0
-0.090000,0.030000,1.63034904,0.15925609,0
-0.085000,0.030000,1.63033819,0.15913831,0
-0.080000,0.030000,1.63032782,0.15909903,0
-0.075000,0.030000,1.63031757,0.15913831,0
-0.070000,0.030000,1.63030732,0.15925609,0
-0.065000,0.030000,1.63029766,0.15945220,0
-0.060000,0.030000,1.63028812,0.15972634,0
-0.055000,0.030000,1.63027883,0.16007811,0
-0.050000,0.030000,1.63027012,0.16050701,0
-0.045000,0.030000,1.63026154,0.16101243,0
-0.040000,0.030000,1.63025296,0.15811388,0
-0.035000,0.030000,1.63024521,0.15532224,0
-0.030000,0.030000,1.63023734,0.15264337,0
-0.025000,0.030000,1.63022971,0.15008330,0
-0.020000,0.030000,1.63022220,0.14764823,0
-0.015000,0.030000,1.63021576,0.14534442,0
-0.010000,0.030000,1.63020933,0.14317821,0
-0.005000,0.030000,1.63020325,0.14115594,0
0.000000,0.030000,1.63019741,0.13928388,0
0.005000,0.030000,1.63019228,0.13756816,0
0.010000,0.030000,1.63018715,0.13601470,0
0.015000,0.030000,1.63018215,0.13462912,0
0.020000,0.030000,1.63017738,0.13341664,0
0.025000,0.030000,1.63017333,0.13238202,0
0.030000,0.030000,1.63016987,0.13152947,0
0.035000,0.030000,1.63016653,0.13086252,0
0.040000,0.030000,1.63016343,0.13038404,0
0.045000,0.030000,1.63016129,0.13009612,0
0.050000,0.030000,1.63015950,0.12752450,0
0.055000,0.030000,1.63015854,0.12500000,0
0.060000,0.030000,1.63015854,0.12252551,0
0.065000,0.030000,1.63015866,0.12010413,0
0.070000,0.030000,1.63015890,0.11773912,0
0.075000,0.030000,1.63015962,0.11543396,0
0.080000,0.030000,1.63016140,0.11319232,0
0.085000,0.030000,1.63016343,0.11101802,0
0.090000,0.030000,1.63016593,0.10891511,0
0.095000,0.030000,1.63016820,0.10688780,0
0.100000,0.030000,1.63017058,0.10494047,0
0.105000,0.030000,1.63017333,0.10307765,0
0.110000,0.030000,1.63017690,0.10307764,0
0.115000,0.030000,1.63018084,0.10307764,0
0.120000,0.030000,1.63018525,0.10307764,0
0.125000,0.030000,1.63018990,0.10307764,0
0.130000,0.030000,1.63019562,0.10307764,0
0.135000,0.030000,1.63020146,0.10307764,0
0.140000,0.030000,1.63020790,0.10307764,0
0.145000,0.030000,1.63021433,0.10307764,0
0.150000,0.030000,1.63022161,0.10307764,0
-0.150000,0.035000,1.63051426,0.16007811,0
-0.145000,0.035000,1.63050032,0.16007811,0
-0.140000,0.035000,1.63048661,0.16007811,0
-0.135000,0.035000,1.63047361,0.16007811,0
-0.130000,0.035000,1.63046026,0.16007811,0
-0.125000,0.035000,1.63044727,0.16007811,0
-0.120000,0.035000,1.63043416,0.16007811,0
-0.115000,0.035000,1.63042140,0.16007811,0
-0.110000,0.035000,1.63040876,0.16007811,0
-0.105000,0.035000,1.63039672,0.15972634,0
-0.100000,0.035000,1.63038456,0.15945220,0
-0.095000,0.035000,1.63037252,0.15925609,0
-0.090000,0.035000,1.63036048,0.15913831,0
-0.085000,0.035000,1.63034904,0.15909903,0
-0.080000,0.035000,1.63033819,0.15913831,0
-0.075000,0.035000,1.63032782,0.15925609,0
-0.070000,0.035000,1.63031757,0.15945220,0
-0.065000,0.035000,1.63030732,0.15972634,0
-0.060000,0.035000,1.63029766,0.16007811,0
-0.055000,0.035000,1.63028812,0.16050701,0
-0.050000,0.035000,1.63027883,0.16101243,0
-0.045000,0.035000,1.63027012,0.16159363,0
-0.040000,0.035000,1.63026154,0.16224982,0
-0.035000,0.035000,1.63025296,0.15953057,0
-0.030000,0.035000,1.63024521,0.15692355,0
-0.025000,0.035000,1.63023734,0.15443446,0
-0.020000,0.035000,1.63022971,0.15206906,0
-0.015000,0.035000,1.63022220,0.14983325,0
-0.010000,0.035000,1.63021576,0.14773287,0
-0.005000,0.035000,1.63020933,0.14577380,0
0.000000,0.035000,1.63020325,0.14396180,0
0.005000,0.035000,1.63019741,0.14230250,0
0.010000,0.035000,1.63019228,0.14080128,0
0.015000,0.035000,1.63018715,0.13946326,0
0.020000,0.035000,1.63018215,0.13829318,0
0.025000,0.035000,1.63017738,0.13729531,0
0.030000,0.035000,1.63017333,0.13647345,0
0.035000,0.035000,1.63016987,0.13583077,0
0.040000,0.035000,1.63016653,0.13536987,0
0.045000,0.035000,1.63016343,0.13271210,0
0.050000,0.035000,1.63016129,0.13009612,0
0.055000,0.035000,1.63015950,0.12752450,0
0.060000,0.035000,1.63015854,0.12500000,0
0.065000,0.035000,1.63015854,0.12252551,0
0.070000,0.035000,1.63015866,0.12010413,0
0.075000,0.035000,1.63015890,0.11773913,0
0.080000,0.035000,1.63015962,0.11543398,0
0.085000,0.035000,1.63016140,0.11319231,0
0.090000,0.035000,1.63016343,0.11101802,0
0.095000,0.035000,1.63016593,0.10891511,0
0.100000,0.035000,1.63016820,0.10688780,0
0.105000,0.035000,1.63017058,0.10494047,0
0.110000,0.035000,1.63017333,0.10307765,0
0.115000,0.035000,1.63017690,0.10307764,0
0.120000,0.035000,1.63018084,0.10307764,0
0.125000,0.035000,1.63018525,0.10307764,0
0.130000,0.035000,1.63018990,0.10307764,0
0.135000,0.035000,1.63019562,0.10307764,0
0.140000,0.035000,1.63020146,0.10307764,0
0.145000,0.035000,1.63020790,0.10307764,0
0.150000,0.035000,1.63021433,0.10307764,0
-0.150000,0.040000,1.63052869,0.16007811,0
-0.145000,0.040000,1.63051426,0.16007811,0
-0.140000,0.040000,1.63050032,0.16007811,0
-0.135000,0.040000,1.63048661,0.16007811,0
-0.130000,0.040000,1.63047361,0.16007811,0
-0.125000,0.040000,1.63046026,0.16007811,0
-0.120000,0.040000,1.63044727,0.16007811,0
-0.115000,0.040000,1.63043416,0.16007811,0
-0.110000,0.040000,1.63042140,0.15972634,0
-0.105000,0.040000,1.63040876,0.15945220,0
-0.100000,0.040000,1.63039672,0.15925609,0
-0.095000,0.040000,1.63038456,0.15913832,0
-0.090000,0.040000,1.63037252,0.15909904,0
-0.085000,0.040000,1.63036048,0.15913831,0
-0.080000,0.040000,1.63034904,0.15925609,0
-0.075000,0.040000,1.63033819,0.15945220,0
-0.070000,0.040000,1.63032782,0.15972634,0
-0.065000,0.040000,1.63031757,0.16007811,0
-0.060000,0.040000,1.63030732,0.16050701,0
-0.055000,0.040000,1.63029766,0.16101243,0
-0.050000,0.040000,1.63028812,0.16159362,0
-0.045000,0.040000,1.63027883,0.16224982,0
-0.040000,0.040000,1.63027012,0.16298006,0
-0.035000,0.040000,1.63026154,0.16378339,0
-0.030000,0.040000,1.63025296,0.16124515,0
-0.025000,0.040000,1.63024521,0.15882380,0
-0.020000,0.040000,1.63023734,0.15652476,0
-0.015000,0.040000,1.63022971,0.15435350,0
-0.010000,0.040000,1.63022220,0.15231547,0
-0.005000,0.040000,1.63021576,0.15041609,0
0.000000,0.040000,1.63020933,0.14866069,0
0.005000,0.040000,1.63020325,0.14705442,0
0.010000,0.040000,1.63019741,0.14560220,0
0.015000,0.040000,1.63019228,0.14430870,0
0.020000,0.040000,1.63018715,0.14317821,0
0.025000,0.040000,1.63018215,0.14221463,0
0.030000,0.040000,1.63017738,0.14142135,0
0.035000,0.040000,1.63017333,0.14080128,0
0.040000,0.040000,1.63016987,0.13806701,0
0.045000,0.040000,1.63016653,0.13536987,0
0.050000,0.040000,1.63016343,0.13271208,0
0.055000,0.040000,1.63016129,0.13009612,0
0.060000,0.040000,1.63015950,0.12752450,0
0.065000,0.040000,1.63015854,0.12500000,0
0.070000,0.040000,1.63015854,0.12252551,0
0.075000,0.040000,1.63015866,0.12010413,0
0.080000,0.040000,1.63015890,0.11773913,0
0.085000,0.040000,1.63015962,0.11543396,0
0.090000,0.040000,1.63016140,0.11319232,0
0.095000,0.040000,1.63016343,0.11101802,0
0.100000,0.040000,1.63016593,0.10891511,0
0.105000,0.040000,1.63016820,0.10688780,0
0.110000,0.040000,1.63017058,0.10494046,0
0.115000,0.040000,1.63017333,0.10307764,0
0.120000,0.040000,1.63017690,0.10307764,0
0.125000,0.040000,1.63018084,0.10307764,0
0.130000,0.040000,1.63018525,0.10307764,0
0.135000,0.040000,1.63018990,0.10307764,0
0.140000,0.040000,1.63019562,0.10307764,0
0.145000,0.040000,1.63020146,0.10307764,0
0.150000,0.040000,1.63020790,0.10307764,0
-0.150000,0.045000,1.63054299,0.16007811,0
-0.145000,0.045000,1.63052869,0.16007811,0
-0.140000,0.045000,1.63051426,0.16007811,0
-0.135000,0.045000,1.63050032,0.16007811,0
-0.130000,0.045000,1.63048661,0.16007811,0
-0.125000,0.045000,1.63047361,0.16007811,0
-0.120000,0.045000,1.63046026,0.16007811,0
-0.115000,0.045000,1.63044727,0.15972634,0
-0.110000,0.045000,1.63043416,0.15945220,0
-0.105000,0.045000,1.63042140,0.15925609,0
-0.100000,0.045000,1.63040876,0.15913831,0
-0.095000,0.045000,1.63039672,0.15909903,0
-0.090000,0.045000,1.63038456,0.15913831,0
-0.085000,0.045000,1.63037252,0.15925609,0
-0.080000,0.045000,1.63036048,0.15945220,0
-0.075000,0.045000,1.63034904,0.15972634,0
-0.070000,0.045000,1.63033819,0.16007811,0
-0.065000,0.045000,1.63032782,0.16050701,0
-0.060000,0.045000,1.63031757,0.16101243,0
-0.055000,0.045000,1.63030732,0.16159363,0
-0.050000,0.045000,1.63029766,0.16224982,0
-0.045000,0.045000,1.63028812,0.16298006,0
-0.040000,0.045000,1.63027883,0.16378339,0
-0.035000,0.045000,1.63027012,0.16465876,0
-0.030000,0.045000,1.63026154,0.16560496,0
-0.025000,0.045000,1.63025296,0.16324829,0
-0.020000,0.045000,1.63024521,0.16101243,0
-0.015000,0.045000,1.63023734,0.15890250,0
-0.010000,0.045000,1.63022971,0.15692356,0
-0.005000,0.045000,1.63022220,0.15508065,0
0.000000,0.045000,1.63021576,0.15337862,0
0.005000,0.045000,1.63020933,0.15182228,0
0.010000,0.045000,1.63020325,0.15041611,0
0.015000,0.045000,1.63019741,0.14916435,0
0.020000,0.045000,1.63019228,0.14807095,0
0.025000,0.045000,1.63018715,0.14713940,0
0.030000,0.045000,1.63018215,0.14637282,0
0.035000,0.045000,1.63017738,0.14357056,0
0.040000,0.045000,1.63017333,0.14080128,0
0.045000,0.045000,1.63016987,0.13806701,0
0.050000,0.045000,1.63016653,0.13536987,0
0.055000,0.045000,1.63016343,0.13271210,0
0.060000,0.045000,1.63016129,0.13009612,0
0.065000,0.045000,1.63015950,0.12752450,0
0.070000,0.045000,1.63015854,0.12500000,0
0.075000,0.045000,1.63015854,0.12252551,0
0.080000,0.045000,1.63015866,0.12010413,0
0.085000,0.045000,1.63015890,0.11773913,0
0.090000,0.045000,1.63015962,0.11543396,0
0.095000,0.045000,1.63016140,0.11319232,0
0.100000,0.045000,1.63016343,0.11101802,0
0.105000,0.045000,1.63016593,0.10891511,0
0.110000,0.045000,1.63016820,0.10688780,0
0.115000,0.045000,1.63017058,0.10494047,0
0.120000,0.045000,1.63017333,0.10307765,0
0.125000,0.045000,1.63017690,0.10307764,0
0.130000,0.045000,1.63018084,0.10307764,0
0.135000,0.045000,1.63018525,0.10307764,0
0.140000,0.045000,1.63018990,0.10307764,0
0.145000,0.045000,1.63019562,0.10307764,0
0.150000,0.045000,1.63020146,0.10307764,0
-0.150000,0.050000,1.63055742,0.16007811,0
-0.145000,0.050000,1.63054299,0.16007811,0
-0.140000,0.050000,1.63052869,0.16007811,0
-0.135000,0.050000,1.63051426,0.16007811,0
-0.130000,0.050000,1.63050032,0.16007811,0
-0.125000,0.050000,1.63048661,0.16007811,0
-0.120000,0.050000,1.63047361,0.15972634,0
-0.115000,0.050000,1.63046026,0.15945220,0
-0.110000,0.050000,1.63044727,0.15925609,0
-0.105000,0.050000,1.63043416,0.15913831,0
-0.100000,0.050000,1.63042140,0.15909903,0
-0.095000,0.050000,1.63040876,0.15913831,0
-0.090000,0.050000,1.63039672,0.15925609,0
-0.085000,0.050000,1.63038456,0.15945220,0
-0.080000,0.050000,1.63037252,0.15972634,0
-0.075000,0.050000,1.63036048,0.16007811,0
-0.070000,0.050000,1.63034904,0.16050701,0
-0.065000,0.050000,1.63033819,0.16101243,0
-0.060000,0.050000,1.63032782,0.16159363,0
-0.055000,0.050000,1.63031757,0.16224982,0
-0.050000,0.050000,1.63030732,0.16298006,0
-0.045000,0.050000,1.63029766,0.16378340,0
-0.040000,0.050000,1.63028812,0.16465874,0
-0.035000,0.050000,1.63027883,0.16560496,0
-0.030000,0.050000,1.63027012,0.16662084,0
-0.025000,0.050000,1.63026154,0.16770510,0
-0.020000,0.050000,1.63025296,0.16552946,0
-0.015000,0.050000,1.63024521,0.16347784,0
-0.010000,0.050000,1.63023734,0.16155495,0
-0.005000,0.050000,1.63022971,0.15976545,0
0.000000,0.050000,1.63022220,0.15811388,0
0.005000,0.050000,1.63021576,0.15660460,0
0.010000,0.050000,1.63020933,0.15524174,0
0.015000,0.050000,1.63020325,0.15402922,0
0.020000,0.050000,1.63019741,0.15297058,0
0.025000,0.050000,1.63019228,0.15206906,0
0.030000,0.050000,1.63018715,0.14920624,0
0.035000,0.050000,1.63018215,0.14637282,0
0.040000,0.050000,1.63017738,0.14357054,0
0.045000,0.050000,1.63017333,0.14080128,0
0.050000,0.050000,1.63016987,0.13806701,0
0.055000,0.050000,1.63016653,0.13536987,0
0.060000,0.050000,1.63016343,0.13271210,0
0.065000,0.050000,1.63016129,0.13009614,0
0.070000,0.050000,1.63015950,0.12752450,0
0.075000,0.050000,1.63015854,0.12500000,0
0.080000,0.050000,1.63015854,0.12252551,0
0.085000,0.050000,1.63015866,0.12010413,0
0.090000,0.050000,1.63015890,0.11773913,0
0.095000,0.050000,1.63015962,0.11543398,0
0.100000,0.050000,1.63016140,0.11319231,0
0.105000,0.050000,1.63016343,0.11101802,0
0.110000,0.050000,1.63016593,0.10891511,0
0.115000,0.050000,1.63016820,0.10688780,0
0.120000,0.050000,1.63017058,0.10494047,0
0.125000,0.050000,1.63017333,0.10307765,0
0.130000,0.050000,1.63017690,0.10307764,0
0.135000,0.050000,1.63018084,0.10307764,0
0.140000,0.050000,1.63018525,0.10307764,0
0.145000,0.050000,1.63018990,0.10307764,0
0.150000,0.050000,1.63019562,0.10307764,0
-0.150000,0.055000,1.63057220,0.16007811,0
-0.145000,0.055000,1.63055742,0.16007811,0
-0.140000,0.055000,1.63054299,0.16007811,0
-0.135000,0.055000,1.63052869,0.16007811,0
-0.130000,0.055000,1.63051426,0.16007811,0
-0.125000,0.055000,1.63050032,0.15972634,0
-0.120000,0.055000,1.63048661,0.15945220,0
-0.115000,0.055000,1.63047361,0.15925609,0
-0.110000,0.055000,1.63046026,0.15913832,0
-0.105000,0.055000,1.63044727,0.15909903,0
-0.100000,0.055000,1.63043416,0.15913831,0
-0.095000,0.055000,1.63042140,0.15925609,0
-0.090000,0.055000,1.63040876,0.15945220,0
-0.085000,0.055000,1.63039672,0.15972634,0
-0.080000,0.055000,1.63038456,0.16007811,0
-0.075000,0.055000,1.63037252,0.16050701,0
-0.070000,0.055000,1.63036048,0.16101243,0
-0.065000,0.055000,1.63034904,0.16159363,0
-0.060000,0.055000,1.63033819,0.16224982,0
-0.055000,0.055000,1.63032782,0.16298006,0
-0.050000,0.055000,1.63031757,0.16378339,0
-0.045000,0.055000,1.63030732,0.16465874,0
-0.040000,0.055000,1.63029766,0.16560496,0
-0.035000,0.055000,1.63028812,0.16662084,0
-0.030000,0.055000,1.63027883,0.16770510,0
-0.025000,0.055000,1.63027012,0.16885646,0
-0.020000,0.055000,1.63026154,0.17007352,0
-0.015000,0.055000,1.63025296,0.16807736,0
-0.010000,0.055000,1.63024521,0.16620770,0
-0.005000,0.055000,1.63023734,0.16446884,0
0.000000,0.055000,1.63022971,0.16286497,0
0.005000,0.055000,1.63022220,0.16140012,0
0.010000,0.055000,1.63021576,0.16007811,0
0.015000,0.055000,1.63020933,0.15890248,0
0.020000,0.055000,1.63020325,0.15787654,0
0.025000,0.055000,1.63019741,0.15495968,0
0.030000,0.055000,1.63019228,0.15206906,0
0.035000,0.055000,1.63018715,0.14920624,0
0.040000,0.055000,1.63018215,0.14637282,0
0.045000,0.055000,1.63017738,0.14357054,0
0.050000,0.055000,1.63017333,0.14080128,0
0.055000,0.055000,1.63016987,0.13806701,0
0.060000,0.055000,1.63016653,0.13536987,0
0.065000,0.055000,1.63016343,0.13271210,0
0.070000,0.055000,1.63016129,0.13009612,0
0.075000,0.055000,1.63015950,0.12752450,0
0.080000,0.055000,1.63015854,0.12500000,0
0.085000,0.055000,1.63015854,0.12252551,0
0.090000,0.055000,1.63015866,0.12010412,0
0.095000,0.055000,1.63015890,0.11773912,0
0.100000,0.055000,1.63015962,0.11543396,0
0.105000,0.055000,1.63016140,0.11319232,0
0.110000,0.055000,1.63016343,0.11101802,0
0.115000,0.055000,1.63016593,0.10891511,0
0.120000,0.055000,1.63016820,0.10688780,0
0.125000,0.055000,1.63017058,0.10494046,0
0.130000,0.055000,1.63017333,0.10307765,0
0.135000,0.055000,1.63017690,0.10307764,0
0.140000,0.055000,1.63018084,0.10307764,0
0.145000,0.055000,1.63018525,0.10307764,0
0.150000,0.055000,1.63018990,0.10307764,0
-0.150000,0.060000,1.63058722,0.16007811,0
-0.145000,0.060000,1.63057220,0.16007811,0
-0.140000,0.060000,1.63055742,0.16007811,0
-0.135000,0.060000,1.63054299,0.16007811,0
-0.130000,0.060000,1.63052869,0.15972634,0
-0.125000,0.060000,1.63051426,0.15945220,0
-0.120000,0.060000,1.63050032,0.15925609,0
-0.115000,0.060000,1.63048661,0.15913831,0
-0.110000,0.060000,1.63047361,0.15909903,0
-0.105000,0.060000,1.63046026,0.15913831,0
-0.100000,0.060000,1.63044727,0.15925609,0
-0.095000,0.060000,1.63043416,0.15945220,0
-0.090000,0.060000,1.63042140,0.15972634,0
-0.085000,0.060000,1.63040876,0.16007811,0
-0.080000,0.060000,1.63039672,0.16050701,0
-0.075000,0.060000,1.63038456,0.16101243,0
-0.070000,0.060000,1.63037252,0.16159363,0
-0.065000,0.060000,1.63036048,0.16224982,0
-0.060000,0.060000,1.63034904,0.16298006,0
-0.055000,0.060000,1.63033819,0.16378340,0
-0.050000,0.060000,1.63032782,0.16465874,0
-0.045000,0.060000,1.63031757,0.16560495,0
-0.040000,0.060000,1.63030732,0.16662084,0
-0.035000,0.060000,1.63029766,0.16770510,0
-0.030000,0.060000,1.63028812,0.16885646,0
-0.025000,0.060000,1.63027883,0.17007352,0
-0.020000,0.060000,1.63027012,0.17135489,0
-0.015000,0.060000,1.63026154,0.17269915,0
-0.010000,0.060000,1.63025296,0.17088006,0
-0.005000,0.060000,1.63024521,0.16918924,0
0.000000,0.060000,1.63023734,0.16763054,0
0.005000,0.060000,1.63022971,0.16620770,0
0.010000,0.060000,1.63022220,0.16492422,0
0.015000,0.060000,1.63021576,0.16378339,0
0.020000,0.060000,1.63020933,0.16081822,0
0.025000,0.060000,1.63020325,0.15787654,0
0.030000,0.060000,1.63019741,0.15495968,0
0.035000,0.060000,1.63019228,0.15206906,0
0.040000,0.060000,1.63018715,0.14920624,0
0.045000,0.060000,1.63018215,0.14637281,0
0.050000,0.060000,1.63017738,0.14357054,0
0.055000,0.060000,1.63017333,0.14080128,0
0.060000,0.060000,1.63016987,0.13806701,0
0.065000,0.060000,1.63016653,0.13536987,0
0.070000,0.060000,1.63016343,0.13271210,0
0.075000,0.060000,1.63016129,0.13009612,0
0.080000,0.060000,1.63015950,0.12752450,0
0.085000,0.060000,1.63015854,0.12500000,0
0.090000,0.060000,1.63015854,0.12252551,0
0.095000,0.060000,1.63015866,0.12010413,0
0.100000,0.060000,1.63015890,0.11773913,0
0.105000,0.060000,1.63015962,0.11543398,0
0.110000,0.060000,1.63016140,0.11319231,0
0.115000,0.060000,1.63016343,0.11101802,0
0.120000,0.060000,1.63016593,0.10891511,0
0.125000,0.060000,1.63016820,0.10688780,0
0.130000,0.060000,1.63017058,0.10494047,0
0.135000,0.060000,1.63017333,0.10307764,0
0.140000,0.060000,1.63017690,0.10307764,0
0.145000,0.060000,1.63018084,0.10307764,0
0.150000,0.060000,1.63018525,0.10307764,0
-0.150000,0.065000,1.63060200,0.16007811,0
-0.145000,0.065000,1.63058722,0.16007811,0
-0.140000,0.065000,1.63057220,0.16007811,0
-0.135000,0.065000,1.63055742,0.15972634,0
-0.130000,0.065000,1.63054299,0.15945220,0
-0.125000,0.065000,1.63052869,0.15925609,0
-0.120000,0.065000,1.63051426,0.15913831,0
-0.115000,0.065000,1.63050032,0.15909903,0
-0.110000,0.065000,1.63048661,0.15913831,0
-0.105000,0.065000,1.63047361,0.15925609,0
-0.100000,0.065000,1.63046026,0.15945220,0
-0.095000,0.065000,1.63044727,0.15972634,0
-0.090000,0.065000,1.63043416,0.16007811,0
-0.085000,0.065000,1.63042140,0.16050701,0
-0.080000,0.065000,1.63040876,0.16101243,0
-0.075000,0.065000,1.63039672,0.16159362,0
-0.070000,0.065000,1.63038456,0.16224982,0
-0.065000,0.065000,1.63037252,0.16298006,0
-0.060000,0.065000,1.63036048,0.16378339,0
-0.055000,0.065000,1.63034904,0.16465874,0
-0.050000,0.065000,1.63033819,0.16560496,0
-0.045000,0.065000,1.63032782,0.16662084,0
-0.040000,0.065000,1.63031757,0.16770510,0
-0.035000,0.065000,1.63030732,0.16885646,0
-0.030000,0.065000,1.63029766,0.17007352,0
-0.025000,0.065000,1.63028812,0.17135489,0
-0.020000,0.065000,1.63027883,0.17269915,0
-0.015000,0.065000,1.63027012,0.17410484,0
-0.010000,0.065000,1.63026154,0.17557049,0
-0.005000,0.065000,1.63025296,0.17392527,0
0.000000,0.065000,1.63024521,0.17240939,0
0.005000,0.065000,1.63023734,0.17102630,0
0.010000,0.065000,1.63022971,0.16977926,0
0.015000,0.065000,1.63022220,0.16677080,0
0.020000,0.065000,1.63021576,0.16378339,0
0.025000,0.065000,1.63020933,0.16081822,0
0.030000,0.065000,1.63020325,0.15787654,0
0.035000,0.065000,1.63019741,0.15495968,0
0.040000,0.065000,1.63019228,0.15206906,0
0.045000,0.065000,1.63018715,0.14920624,0
0.050000,0.065000,1.63018215,0.14637282,0
0.055000,0.065000,1.63017738,0.14357054,0
0.060000,0.065000,1.63017333,0.14080128,0
0.065000,0.065000,1.63016987,0.13806701,0
0.070000,0.065000,1.63016653,0.13536987,0
0.075000,0.065000,1.63016343,0.13271208,0
0.080000,0.065000,1.63016129,0.13009612,0
0.085000,0.065000,1.63015950,0.12752450,0
0.090000,0.065000,1.63015854,0.12500000,0
0.095000,0.065000,1.63015854,0.12252551,0
0.100000,0.065000,1.63015866,0.12010413,0
0.105000,0.065000,1.63015890,0.11773913,0
0.110000,0.065000,1.63015962,0.11543396,0
0.115000,0.065000,1.63016140,0.11319231,0
0.120000,0.065000,1.63016343,0.11101802,0
0.125000,0.065000,1.63016593,0.10891511,0
0.130000,0.065000,1.63016820,0.10688780,0
0.135000,0.065000,1.63017058,0.10494046,0
0.140000,0.065000,1.63017333,0.10307764,0
0.145000,0.065000,1.63017690,0.10307764,0
0.150000,0.065000,1.63018084,0.10307764,0
-0.150000,0.070000,1.63061738,0.16007811,0
-0.145000,0.070000,1.63060200,0.16007811,0
-0.140000,0.070000,1.63058722,0.15972634,0
-0.135000,0.070000,1.63057220,0.15945219,0
-0.130000,0.070000,1.63055742,0.15925609,0
-0.125000,0.070000,1.63054299,0.15913832,0
-0.120000,0.070000,1.63052869,0.15909903,0
-0.115000,0.070000,1.63051426,0.15913831,0
-0.110000,0.070000,1.63050032,0.15925609,0
-0.105000,0.070000,1.63048661,0.15945220,0
-0.100000,0.070000,1.63047361,0.15972634,0
-0.095000,0.070000,1.63046026,0.16007811,0
-0.090000,0.070000,1.63044727,0.16050701,0
-0.085000,0.070000,1.63043416,0.16101243,0
-0.080000,0.070000,1.63042140,0.16159362,0
-0.075000,0.070000,1.63040876,0.16224980,0
-0.070000,0.070000,1.63039672,0.16298006,0
-0.065000,0.070000,1.63038456,0.16378342,0
-0.060000,0.070000,1.63037252,0.16465876,0
-0.055000,0.070000,1.63036048,0.16560496,0
-0.050000,0.070000,1.63034904,0.16662084,0
-0.045000,0.070000,1.63033819,0.16770510,0
-0.040000,0.070000,1.63032782,0.16885646,0
-0.035000,0.070000,1.63031757,0.17007352,0
-0.030000,0.070000,1.63030732,0.17135489,0
-0.025000,0.070000,1.63029766,0.17269915,0
-0.020000,0.070000,1.63028812,0.17410484,0
-0.015000,0.070000,1.63027883,0.17557049,0
-0.010000,0.070000,1.63027012,0.17709461,0
-0.005000,0.070000,1.63026154,0.17867568,0
0.000000,0.070000,1.63025296,0.17720045,0
0.005000,0.070000,1.63024521,0.17585506,0
0.010000,0.070000,1.63023734,0.17280769,0
0.015000,0.070000,1.63022971,0.16977926,0
0.020000,0.070000,1.63022220,0.16677080,0
0.025000,0.070000,1.63021576,0.16378339,0
0.030000,0.070000,1.63020933,0.16081822,0
0.035000,0.070000,1.63020325,0.15787654,0
0.040000,0.070000,1.63019741,0.15495968,0
0.045000,0.070000,1.63019228,0.15206906,0
0.050000,0.070000,1.63018715,0.14920624,0
0.055000,0.070000,1.63018215,0.14637282,0
0.060000,0.070000,1.63017738,0.14357056,0
0.065000,0.070000,1.63017333,0.14080130,0
0.070000,0.070000,1.63016987,0.13806701,0
0.075000,0.070000,1.63016653,0.13536985,0
0.080000,0.070000,1.63016343,0.13271208,0
0.085000,0.070000,1.63016129,0.13009612,0
0.090000,0.070000,1.63015950,0.12752450,0
0.095000,0.070000,1.63015854,0.12500000,0
0.100000,0.070000,1.63015854,0.12252551,0
0.105000,0.070000,1.63015866,0.12010413,0
0.110000,0.070000,1.63015890,0.11773912,0
0.115000,0.070000,1.63015962,0.11543396,0
0.120000,0.070000,1.63016140,0.11319232,0
0.125000,0.070000,1.63016343,0.11101802,0
0.130000,0.070000,1.63016593,0.10891511,0
0.135000,0.070000,1.63016820,0.10688779,0
0.140000,0.070000,1.63017058,0.10494046,0
0.145000,0.070000,1.63017333,0.10307765,0
0.150000,0.070000,1.63017690,0.10307764,0
-0.150000,0.075000,1.63063300,0.16007811,0
-0.145000,0.075000,1.63061738,0.15972634,0
-0.140000,0.075000,1.63060200,0.15945220,0
-0.135000,0.075000,1.63058722,0.15925609,0
-0.130000,0.075000,1.63057220,0.15913831,0
-0.125000,0.075000,1.63055742,0.15909903,0
-0.120000,0.075000,1.63054299,0.15913831,0
-0.115000,0.075000,1.63052869,0.15925609,0
-0.110000,0.075000,1.63051426,0.15945220,0
-0.105000,0.075000,1.63050032,0.15972632,0
-0.100000,0.075000,1.63048661,0.16007809,0
-0.095000,0.075000,1.63047361,0.16050701,0
-0.090000,0.075000,1.63046026,0.16101243,0
-0.085000,0.075000,1.63044727,0.16159363,0
-0.080000,0.075000,1.63043416,0.16224982,0
-0.075000,0.075000,1.63042140,0.16298006,0
-0.070000,0.075000,1.63040876,0.16378339,0
-0.065000,0.075000,1.63039672,0.16465874,0
-0.060000,0.075000,1.63038456,0.16560496,0
-0.055000,0.075000,1.63037252,0.16662084,0
-0.050000,0.075000,1.63036048,0.16770510,0
-0.045000,0.075000,1.63034904,0.16885646,0
-0.040000,0.075000,1.63033819,0.17007352,0
-0.035000,0.075000,1.63032782,0.17135489,0
-0.030000,0.075000,1.63031757,0.17269915,0
-0.025000,0.075000,1.63030732,0.17410484,0
-0.020000,0.075000,1.63029766,0.17557050,0
-0.015000,0.075000,1.63028812,0.17709461,0
-0.010000,0.075000,1.63027883,0.17867570,0
-0.005000,0.075000,1.63027012,0.18031225,0
0.000000,0.075000,1.63026154,0.18200277,0
0.005000,0.075000,1.63025296,0.17892039,0
0.010000,0.075000,1.63024521,0.17585507,0
0.015000,0.075000,1.63023734,0.17280769,0
0.020000,0.075000,1.63022971,0.16977927,0
0.025000,0.075000,1.63022220,0.16677080,0
0.030000,0.075000,1.63021576,0.16378339,0
0.035000,0.075000,1.63020933,0.16081822,0
0.040000,0.075000,1.63020325,0.15787654,0
0.045000,0.075000,1.63019741,0.15495968,0
0.050000,0.075000,1.63019228,0.15206906,0
0.055000,0.075000,1.63018715,0.14920624,0
0.060000,0.075000,1.63018215,0.14637282,0
0.065000,0.075000,1.63017738,0.14357056,0
0.070000,0.075000,1.63017333,0.14080128,0
0.075000,0.075000,1.63016987,0.13806701,0
0.080000,0.075000,1.63016653,0.13536987,0
0.085000,0.075000,1.63016343,0.13271210,0
0.090000,0.075000,1.63016129,0.13009612,0
0.095000,0.075000,1.63015950,0.12752450,0
0.100000,0.075000,1.63015854,0.12500000,0
0.105000,0.075000,1.63015854,0.12252551,0
0.110000,0.075000,1.63015866,0.12010413,0
0.115000,0.075000,1.63015890,0.11773913,0
0.120000,0.075000,1.63015962,0.11543398,0
0.125000,0.075000,1.63016140,0.11319232,0
0.130000,0.075000,1.63016343,0.11101802,0
0.135000,0.075000,1.63016593,0.10891511,0
0.140000,0.075000,1.63016820,0.10688780,0
0.145000,0.075000,1.63017058,0.10494047,0
0.150000,0.075000,1.63017333,0.10307764,0
-0.150000,0.080000,1.63064909,0.15972634,0
-0.145000,0.080000,1.63063300,0.15945220,0
-0.140000,0.080000,1.63061738,0.15925609,0
-0.135000,0.080000,1.63060200,0.15913831,0
-0.130000,0.080000,1.63058722,0.15909903,0
-0.125000,0.080000,1.63057220,0.15913831,0
-0.120000,0.080000,1.63055742,0.15925609,0
-0.115000,0.080000,1.63054299,0.15945220,0
-0.110000,0.080000,1.63052869,0.15972634,0
-0.105000,0.080000,1.63051426,0.16007809,0
-0.100000,0.080000,1.63050032,0.16050701,0
-0.095000,0.080000,1.63048661,0.16101243,0
-0.090000,0.080000,1.63047361,0.16159362,0
-0.085000,0.080000,1.63046026,0.16224982,0
-0.080000,0.080000,1.63044727,0.16298006,0
-0.075000,0.080000,1.63043416,0.16378340,0
-0.070000,0.080000,1.63042140,0.16465874,0
-0.065000,0.080000,1.63040876,0.16560496,0
-0.060000,0.080000,1.63039672,0.16662084,0
-0.055000,0.080000,1.63038456,0.16770510,0
-0.050000,0.080000,1.63037252,0.16885646,0
-0.045000,0.080000,1.63036048,0.17007352,0
-0.040000,0.080000,1.63034904,0.17135489,0
-0.035000,0.080000,1.63033819,0.17269915,0
-0.030000,0.080000,1.63032782,0.17410484,0
-0.025000,0.080000,1.63031757,0.17557049,0
-0.020000,0.080000,1.63030732,0.17709461,0
-0.015000,0.080000,1.63029766,0.17867568,0
-0.010000,0.080000,1.63028812,0.18031225,0
-0.005000,0.080000,1.63027883,0.18200277,0
0.000000,0.080000,1.63027012,0.18200277,0
0.005000,0.080000,1.63026154,0.18200277,0
0.010000,0.080000,1.63025296,0.17892039,0
0.015000,0.080000,1.63024521,0.17585506,0
0.020000,0.080000,1.63023734,0.17280769,0
0.025000,0.080000,1.63022971,0.16977926,0
0.030000,0.080000,1.63022220,0.16677080,0
0.035000,0.080000,1.63021576,0.16378339,0
0.040000,0.080000,1.63020933,0.16081822,0
0.045000,0.080000,1.63020325,0.15787654,0
0.050000,0.080000,1.63019741,0.15495968,0
0.055000,0.080000,1.63019228,0.15206906,0
0.060000,0.080000,1.63018715,0.14920624,0
0.065000,0.080000,1.63018215,0.14637282,0
0.070000,0.080000,1.63017738,0.14357054,0
0.075000,0.080000,1.63017333,0.14080128,0
0.080000,0.080000,1.63016987,0.13806701,0
0.085000,0.080000,1.63016653,0.13536987,0
0.090000,0.080000,1.63016343,0.13271208,0
0.095000,0.080000,1.63016129,0.13009612,0
0.100000,0.080000,1.63015950,0.12752450,0
0.105000,0.080000,1.63015854,0.12500000,0
0.110000,0.080000,1.63015854,0.12252551,0
0.115000,0.080000,1.63015866,0.12010413,0
0.120000,0.080000,1.63015890,0.11773913,0
0.125000,0.080000,1.63015962,0.11543396,0
0.130000,0.080000,1.63016140,0.11319232,0
0.135000,0.080000,1.63016343,0.11101802,0
0.140000,0.080000,1.63016593,0.10891511,0
0.145000,0.080000,1.63016820,0.10688780,0
0.150000,0.080000,1.63017058,0.10494046,0
-0.150000,0.085000,1.63066530,0.15945219,0
-0.145000,0.085000,1.63064909,0.15925609,0
-0.140000,0.085000,1.63063300,0.15913832,0
-0.135000,0.085000,1.63061738,0.15909904,0
-0.130000,0.085000,1.63060200,0.15913831,0
-0.125000,0.085000,1.63058722,0.15925609,0
-0.120000,0.085000,1.63057220,0.15945220,0
-0.115000,0.085000,1.63055742,0.15972634,0
-0.110000,0.085000,1.63054299,0.16007811,0
-0.105000,0.085000,1.63052869,0.16050701,0
-0.100000,0.085000,1.63051426,0.16101243,0
-0.095000,0.085000,1.63050032,0.16159362,0
-0.090000,0.085000,1.63048661,0.16224980,0
-0.085000,0.085000,1.63047361,0.16298006,0
-0.080000,0.085000,1.63046026,0.16378342,0
-0.075000,0.085000,1.63044727,0.16465876,0
-0.070000,0.085000,1.63043416,0.16560496,0
-0.065000,0.085000,1.63042140,0.16662084,0
-0.060000,0.085000,1.63040876,0.16770510,0
-0.055000,0.085000,1.63039672,0.16885646,0
-0.050000,0.085000,1.63038456,0.17007352,0
-0.045000,0.085000,1.63037252,0.17135490,0
-0.040000,0.085000,1.63036048,0.17269915,0
-0.035000,0.085000,1.63034904,0.17410484,0
-0.030000,0.085000,1.63033819,0.17557049,0
-0.025000,0.085000,1.63032782,0.17709461,0
-0.020000,0.085000,1.63031757,0.17867568,0
-0.015000,0.085000,1.63030732,0.18031225,0
-0.010000,0.085000,1.63029766,0.18200277,0
-0.005000,0.085000,1.63028812,0.18200277,0
0.000000,0.085000,1.63027883,0.18200277,0
0.005000,0.085000,1.63027012,0.18200277,0
0.010000,0.085000,1.63026154,0.18200277,0
0.015000,0.085000,1.63025296,0.17892039,0
0.020000,0.085000,1.63024521,0.17585506,0
0.025000,0.085000,1.63023734,0.17280769,0
0.030000,0.085000,1.63022971,0.16977926,0
0.035000,0.085000,1.63022220,0.16677080,0
0.040000,0.085000,1.63021576,0.16378339,0
0.045000,0.085000,1.63020933,0.16081822,0
0.050000,0.085000,1.63020325,0.15787654,0
0.055000,0.085000,1.63019741,0.15495968,0
0.060000,0.085000,1.63019228,0.15206906,0
0.065000,0.085000,1.63018715,0.14920624,0
0.070000,0.085000,1.63018215,0.14637282,0
0.075000,0.085000,1.63017738,0.14357056,0
0.080000,0.085000,1.63017333,0.14080130,0
0.085000,0.085000,1.63016987,0.13806701,0
0.090000,0.085000,1.63016653,0.13536985,0
0.095000,0.085000,1.63016343,0.13271208,0
0.100000,0.085000,1.63016129,0.13009612,0
0.105000,0.085000,1.63015950,0.12752450,0
0.110000,0.085000,1.63015854,0.12500000,0
0.115000,0.085000,1.63015854,0.12252551,0
0.120000,0.085000,1.63015866,0.12010413,0
0.125000,0.085000,1.63015890,0.11773912,0
0.130000,0.085000,1.63015962,0.11543396,0
0.135000,0.085000,1.63016140,0.11319232,0
0.140000,0.085000,1.63016343,0.11101802,0
0.145000,0.085000,1.63016593,0.10891511,0
0.150000,0.085000,1.63016820,0.10688779,0
-0.150000,0.090000,1.63068151,0.15925609,0
-0.145000,0.090000,1.63066530,0.15913831,0
-0.140000,0.090000,1.63064909,0.15909903,0
-0.135000,0.090000,1.63063300,0.15913831,0
-0.130000,0.090000,1.63061738,0.15925609,0
-0.125000,0.090000,1.63060200,0.15945220,0
-0.120000,0.090000,1.63058722,0.15972632,0
-0.115000,0.090000,1.63057220,0.16007809,0
-0.110000,0.090000,1.63055742,0.16050701,0
-0.105000,0.090000,1.63054299,0.16101243,0
-0.100000,0.090000,1.63052869,0.16159363,0
-0.095000,0.090000,1.63051426,0.16224982,0
-0.090000,0.090000,1.63050032,0.16298006,0
-0.085000,0.090000,1.63048661,0.16378339,0
-0.080000,0.090000,1.63047361,0.16465874,0
-0.075000,0.090000,1.63046026,0.16560496,0
-0.070000,0.090000,1.63044727,0.16662084,0
-0.065000,0.090000,1.63043416,0.16770510,0
-0.060000,0.090000,1.63042140,0.16885644,0
-0.055000,0.090000,1.63040876,0.17007351,0
-0.050000,0.090000,1.63039672,0.17135489,0
-0.045000,0.090000,1.63038456,0.17269915,0
-0.040000,0.090000,1.63037252,0.17410485,0
-0.035000,0.090000,1.63036048,0.17557050,0
-0.030000,0.090000,1.63034904,0.17709461,0
-0.025000,0.090000,1.63033819,0.17867570,0
-0.020000,0.090000,1.63032782,0.18031225,0
-0.015000,0.090000,1.63031757,0.18200277,0
-0.010000,0.090000,1.63030732,0.18200277,0
-0.005000,0.090000,1.63029766,0.18200277,0
0.000000,0.090000,1.63028812,0.18200277,0
0.005000,0.090000,1.63027883,0.18200277,0
0.010000,0.090000,1.63027012,0.18200277,0
0.015000,0.090000,1.63026154,0.18200277,0
0.020000,0.090000,1.63025296,0.17892039,0
0.025000,0.090000,1.63024521,0.17585507,0
0.030000,0.090000,1.63023734,0.17280769,0
0.035000,0.090000,1.63022971,0.16977927,0
0.040000,0.090000,1.63022220,0.16677082,0
0.045000,0.090000,1.63021576,0.16378339,0
0.050000,0.090000,1.63020933,0.16081822,0
0.055000,0.090000,1.63020325,0.15787654,0
0.060000,0.090000,1.63019741,0.15495968,0
0.065000,0.090000,1.63019228,0.15206906,0
0.070000,0.090000,1.63018715,0.14920624,0
0.075000,0.090000,1.63018215,0.14637282,0
0.080000,0.090000,1.63017738,0.14357056,0
0.085000,0.090000,1.63017333,0.14080128,0
0.090000,0.090000,1.63016987,0.13806701,0
0.095000,0.090000,1.63016653,0.13536987,0
0.100000,0.090000,1.63016343,0.13271210,0
0.105000,0.090000,1.63016129,0.13009614,0
0.110000,0.090000,1.63015950,0.12752450,0
0.115000,0.090000,1.63015854,0.12500000,0
0.120000,0.090000,1.63015854,0.12252551,0
0.125000,0.090000,1.63015866,0.12010413,0
0.130000,0.090000,1.63015890,0.11773913,0
0.135000,0.090000,1.63015962,0.11543396,0
0.140000,0.090000,1.63016140,0.11319232,0
0.145000,0.090000,1.63016343,0.11101802,0
0.150000,0.090000,1.63016593,0.10891511,0
-0.150000,0.095000,1.63069844,0.15913831,0
-0.145000,0.095000,1.63068151,0.15909903,0
-0.140000,0.095000,1.63066530,0.15913831,0
-0.135000,0.095000,1.63064909,0.15925609,0
-0.130000,0.095000,1.63063300,0.15945220,0
-0.125000,0.095000,1.63061738,0.15972634,0
-0.120000,0.095000,1.63060200,0.16007809,0
-0.115000,0.095000,1.63058722,0.16050701,0
-0.110000,0.095000,1.63057220,0.16101243,0
-0.105000,0.095000,1.63055742,0.16159363,0
-0.100000,0.095000,1.63054299,0.16224982,0
-0.095000,0.095000,1.63052869,0.16298006,0
-0.090000,0.095000,1.63051426,0.16378340,0
-0.085000,0.095000,1.63050032,0.16465874,0
-0.080000,0.095000,1.63048661,0.16560496,0
-0.075000,0.095000,1.63047361,0.16662084,0
-0.070000,0.095000,1.63046026,0.16770510,0
-0.065000,0.095000,1.63044727,0.16885646,0
-0.060000,0.095000,1.63043416,0.17007352,0
-0.055000,0.095000,1.63042140,0.17135489,0
-0.050000,0.095000,1.63040876,0.17269915,0
-0.045000,0.095000,1.63039672,0.17410484,0
-0.040000,0.095000,1.63038456,0.17557050,0
-0.035000,0.095000,1.63037252,0.17709461,0
-0.030000,0.095000,1.63036048,0.17867568,0
-0.025000,0.095000,1.63034904,0.18031225,0
-0.020000,0.095000,1.63033819,0.18200277,0
-0.015000,0.095000,1.63032782,0.18200277,0
-0.010000,0.095000,1.63031757,0.18200277,0
-0.005000,0.095000,1.63030732,0.18200277,0
0.000000,0.095000,1.63029766,0.18200277,0
0.005000,0.095000,1.63028812,0.18200277,0
0.010000,0.095000,1.63027883,0.18200277,0
0.015000,0.095000,1.63027012,0.18200277,0
0.020000,0.095000,1.63026154,0.18200277,0
0.025000,0.095000,1.63025296,0.17892039,0
0.030000,0.095000,1.63024521,0.17585506,0
0.035000,0.095000,1.63023734,0.17280769,0
0.040000,0.095000,1.63022971,0.16977927,0
0.045000,0.095000,1.63022220,0.16677080,0
0.050000,0.095000,1.63021576,0.16378339,0
0.055000,0.095000,1.63020933,0.16081822,0
0.060000,0.095000,1.63020325,0.15787654,0
0.065000,0.095000,1.63019741,0.15495968,0
0.070000,0.095000,1.63019228,0.15206906,0
0.075000,0.095000,1.63018715,0.14920624,0
0.080000,0.095000,1.63018215,0.14637282,0
0.085000,0.095000,1.63017738,0.14357054,0
0.090000,0.095000,1.63017333,0.14080128,0
0.095000,0.095000,1.63016987,0.13806701,0
0.100000,0.095000,1.63016653,0.13536987,0
0.105000,0.095000,1.63016343,0.13271210,0
0.110000,0.095000,1.63016129,0.13009612,0
0.115000,0.095000,1.63015950,0.12752450,0
0.120000,0.095000,1.63015854,0.12500000,0
0.125000,0.095000,1.63015854,0.12252551,0
0.130000,0.095000,1.63015866,0.12010413,0
0.135000,0.095000,1.63015890,0.11773912,0
0.140000,0.095000,1.63015962,0.11543396,0
0.145000,0.095000,1.63016140,0.11319232,0
0.150000,0.095000,1.63016343,0.11101802,0
-0.150000,0.100000,1.63071549,0.15909904,0
-0.145000,0.100000,1.63069844,0.15913831,0
-0.140000,0.100000,1.63068151,0.15925609,0
-0.135000,0.100000,1.63066530,0.15945220,0
-0.130000,0.100000,1.63064909,0.15972634,0
-0.125000,0.100000,1.63063300,0.16007811,0
-0.120000,0.100000,1.63061738,0.16050701,0
-0.115000,0.100000,1.63060200,0.16101243,0
-0.110000,0.100000,1.63058722,0.16159362,0
-0.105000,0.100000,1.63057220,0.16224982,0
-0.100000,0.100000,1.63055742,0.16298006,0
-0.095000,0.100000,1.63054299,0.16378342,0
-0.090000,0.100000,1.63052869,0.16465876,0
-0.085000,0.100000,1.63051426,0.16560496,0
-0.080000,0.100000,1.63050032,0.16662084,0
-0.075000,0.100000,1.63048661,0.16770510,0
-0.070000,0.100000,1.63047361,0.16885646,0
-0.065000,0.100000,1.63046026,0.17007352,0
-0.060000,0.100000,1.63044727,0.17135489,0
-0.055000,0.100000,1.63043416,0.17269915,0
-0.050000,0.100000,1.63042140,0.17410484,0
-0.045000,0.100000,1.63040876,0.17557049,0
-0.040000,0.100000,1.63039672,0.17709461,0
-0.035000,0.100000,1.63038456,0.17867568,0
-0.030000,0.100000,1.63037252,0.18031225,0
-0.025000,0.100000,1.63036048,0.18200277,0
-0.020000,0.100000,1.63034904,0.18200277,0
-0.015000,0.100000,1.63033819,0.18200277,0
-0.010000,0.100000,1.63032782,0.18200277,0
-0.005000,0.100000,1.63031757,0.18200277,0
0.000000,0.100000,1.63030732,0.18200277,0
0.005000,0.100000,1.63029766,0.18200277,0
0.010000,0.100000,1.63028812,0.18200277,0
0.015000,0.100000,1.63027883,0.18200277,0
0.020000,0.100000,1.63027012,0.18200277,0
0.025000,0.100000,1.63026154,0.18200277,0
0.030000,0.100000,1.63025296,0.17892039,0
0.035000,0.100000,1.63024521,0.17585506,0
0.040000,0.100000,1.63023734,0.17280769,0
0.045000,0.100000,1.63022971,0.16977926,0
0.050000,0.100000,1.63022220,0.16677080,0
0.055000,0.100000,1.63021576,0.16378339,0
0.060000,0.100000,1.63020933,0.16081822,0
0.065000,0.100000,1.63020325,0.15787654,0
0.070000,0.100000,1.63019741,0.15495968,0
0.075000,0.100000,1.63019228,0.15206906,0
0.080000,0.100000,1.63018715,0.14920624,0
0.085000,0.100000,1.63018215,0.14637282,0
0.090000,0.100000,1.63017738,0.14357056,0
0.095000,0.100000,1.63017333,0.14080130,0
0.100000,0.100000,1.63016987,0.13806701,0
0.105000,0.100000,1.63016653,0.13536987,0
0.110000,0.100000,1.63016343,0.13271208,0
0.115000,0.100000,1.63016129,0.13009612,0
0.120000,0.100000,1.63015950,0.12752450,0
0.125000,0.100000,1.63015854,0.12500000,0
0.130000,0.100000,1.63015854,0.12252552,0
0.135000,0.100000,1.63015866,0.12010412,0
0.140000,0.100000,1.63015890,0.11773912,0
0.145000,0.100000,1.63015962,0.11543396,0
0.150000,0.100000,1.63016140,0.11319232,0
-0.150000,0.105000,1.63073325,0.15913832,0
-0.145000,0.105000,1.63071549,0.15925609,0
-0.140000,0.105000,1.63069844,0.15945220,0
-0.135000,0.105000,1.63068151,0.15972632,0
-0.130000,0.105000,1.63066530,0.16007811,0
-0.125000,0.105000,1.63064909,0.16050701,0
-0.120000,0.105000,1.63063300,0.16101243,0
-0.115000,0.105000,1.63061738,0.16159362,0
-0.110000,0.105000,1.63060200,0.16224980,0
-0.105000,0.105000,1.63058722,0.16298006,0
-0.100000,0.105000,1.63057220,0.16378340,0
-0.095000,0.105000,1.63055742,0.16465876,0
-0.090000,0.105000,1.63054299,0.16560496,0
-0.085000,0.105000,1.63052869,0.16662084,0
-0.080000,0.105000,1.63051426,0.16770510,0
-0.075000,0.105000,1.63050032,0.16885646,0
-0.070000,0.105000,1.63048661,0.17007352,0
-0.065000,0.105000,1.63047361,0.17135490,0
-0.060000,0.105000,1.63046026,0.17269915,0
-0.055000,0.105000,1.63044727,0.17410484,0
-0.050000,0.105000,1.63043416,0.17557049,0
-0.045000,0.105000,1.63042140,0.17709459,0
-0.040000,0.105000,1.63040876,0.17867568,0
-0.035000,0.105000,1.63039672,0.18031223,0
-0.030000,0.105000,1.63038456,0.18200277,0
-0.025000,0.105000,1.63037252,0.18200277,0
-0.020000,0.105000,1.63036048,0.18200277,0
-0.015000,0.105000,1.63034904,0.18200277,0
-0.010000,0.105000,1.63033819,0.18200277,0
-0.005000,0.105000,1.63032782,0.18200277,0
0.000000,0.105000,1.63031757,0.18200277,0
0.005000,0.105000,1.63030732,0.18200277,0
0.010000,0.105000,1.63029766,0.18200277,0
0.015000,0.105000,1.63028812,0.18200277,0
0.020000,0.105000,1.63027883,0.18200277,0
0.025000,0.105000,1.63027012,0.18200277,0
0.030000,0.105000,1.63026154,0.18200277,0
0.035000,0.105000,1.63025296,0.17892037,0
0.040000,0.105000,1.63024521,0.17585506,0
0.045000,0.105000,1.63023734,0.17280769,0
0.050000,0.105000,1.63022971,0.16977926,0
0.055000,0.105000,1.63022220,0.16677080,0
0.060000,0.105000,1.63021576,0.16378339,0
0.065000,0.105000,1.63020933,0.16081822,0
0.070000,0.105000,1.63020325,0.15787654,0
0.075000,0.105000,1.63019741,0.15495968,0
0.080000,0.105000,1.63019228,0.15206906,0
0.085000,0.105000,1.63018715,0.14920624,0
0.090000,0.105000,1.63018215,0.14637282,0
0.095000,0.105000,1.63017738,0.14357056,0
0.100000,0.105000,1.63017333,0.14080128,0
0.105000,0.105000,1.63016987,0.13806701,0
0.110000,0.105000,1.63016653,0.13536985,0
0.115000,0.105000,1.63016343,0.13271208,0
0.120000,0.105000,1.63016129,0.13009612,0
0.125000,0.105000,1.63015950,0.12752450,0
0.130000,0.105000,1.63015854,0.12500000,0
0.135000,0.105000,1.63015854,0.12252551,0
0.140000,0.105000,1.63015866,0.12010412,0
0.145000,0.105000,1.63015890,0.11773912,0
0.150000,0.105000,1.63015962,0.11543396,0
-0.150000,0.110000,1.63075054,0.15925610,0
-0.145000,0.110000,1.63073325,0.15945220,0
-0.140000,0.110000,1.63071549,0.15972634,0
-0.135000,0.110000,1.63069844,0.16007811,0
-0.130000,0.110000,1.63068151,0.16050701,0
-0.125000,0.110000,1.63066530,0.16101243,0
-0.120000,0.110000,1.63064909,0.16159363,0
-0.115000,0.110000,1.63063300,0.16224982,0
-0.110000,0.110000,1.63061738,0.16298006,0
-0.105000,0.110000,1.63060200,0.16378339,0
-0.100000,0.110000,1.63058722,0.16465874,0
-0.095000,0.110000,1.63057220,0.16560496,0
-0.090000,0.110000,1.63055742,0.16662084,0
-0.085000,0.110000,1.63054299,0.16770510,0
-0.080000,0.110000,1.63052869,0.16885646,0
-0.075000,0.110000,1.63051426,0.17007352,0
-0.070000,0.110000,1.63050032,0.17135489,0
-0.065000,0.110000,1.63048661,0.17269915,0
-0.060000,0.110000,1.63047361,0.17410484,0
-0.055000,0.110000,1.63046026,0.17557050,0
-0.050000,0.110000,1.63044727,0.17709461,0
-0.045000,0.110000,1.63043416,0.17867568,0
-0.040000,0.110000,1.63042140,0.18031223,0
-0.035000,0.110000,1.63040876,0.18200277,0
-0.030000,0.110000,1.63039672,0.18200277,0
-0.025000,0.110000,1.63038456,0.18200277,0
-0.020000,0.110000,1.63037252,0.18200277,0
-0.015000,0.110000,1.63036048,0.18200277,0
-0.010000,0.110000,1.63034904,0.18200277,0
-0.005000,0.110000,1.63033819,0.18200277,0
0.000000,0.110000,1.63032782,0.18200277,0
0.005000,0.110000,1.63031757,0.18200277,0
0.010000,0.110000,1.63030732,0.18200277,0
0.015000,0.110000,1.63029766,0.18200277,0
0.020000,0.110000,1.63028812,0.18200277,0
0.025000,0.110000,1.63027883,0.18200277,0
0.030000,0.110000,1.63027012,0.18200277,0
0.035000,0.110000,1.63026154,0.18200277,0
0.040000,0.110000,1.63025296,0.17892037,0
0.045000,0.110000,1.63024521,0.17585506,0
0.050000,0.110000,1.63023734,0.17280769,0
0.055000,0.110000,1.63022971,0.16977927,0
0.060000,0.110000,1.63022220,0.16677080,0
0.065000,0.110000,1.63021576,0.16378339,0
0.070000,0.110000,1.63020933,0.16081822,0
0.075000,0.110000,1.63020325,0.15787654,0
0.080000,0.110000,1.63019741,0.15495968,0
0.085000,0.110000,1.63019228,0.15206906,0
0.090000,0.110000,1.63018715,0.14920624,0
0.095000,0.110000,1.63018215,0.14637282,0
0.100000,0.110000,1.63017738,0.14357054,0
0.105000,0.110000,1.63017333,0.14080128,0
0.110000,0.110000,1.63016987,0.13806701,0
0.115000,0.110000,1.63016653,0.13536987,0
0.120000,0.110000,1.63016343,0.13271210,0
0.125000,0.110000,1.63016129,0.13009612,0
0.130000,0.110000,1.63015950,0.12752450,0
0.135000,0.110000,1.63015854,0.12500000,0
0.140000,0.110000,1.63015854,0.12252551,0
0.145000,0.110000,1.63015866,0.12010413,0
0.150000,0.110000,1.63015890,0.11773913,0
-0.150000,0.115000,1.63076830,0.15945220,0
-0.145000,0.115000,1.63075054,0.15972634,0
-0.140000,0.115000,1.63073325,0.16007811,0
-0.135000,0.115000,1.63071549,0.16050701,0
-0.130000,0.115000,1.63069844,0.16101243,0
-0.125000,0.115000,1.63068151,0.16159362,0
-0.120000,0.115000,1.63066530,0.16224982,0
-0.115000,0.115000,1.63064909,0.16298006,0
-0.110000,0.115000,1.63063300,0.16378342,0
-0.105000,0.115000,1.63061738,0.16465874,0
-0.100000,0.115000,1.63060200,0.16560496,0
-0.095000,0.115000,1.63058722,0.16662084,0
-0.090000,0.115000,1.63057220,0.16770510,0
-0.085000,0.115000,1.63055742,0.16885646,0
-0.080000,0.115000,1.63054299,0.17007352,0
-0.075000,0.115000,1.63052869,0.17135490,0
-0.070000,0.115000,1.63051426,0.17269915,0
-0.065000,0.115000,1.63050032,0.17410484,0
-0.060000,0.115000,1.63048661,0.17557050,0
-0.055000,0.115000,1.63047361,0.17709461,0
-0.050000,0.115000,1.63046026,0.17867568,0
-0.045000,0.115000,1.63044727,0.18031225,0
-0.040000,0.115000,1.63043416,0.18200277,0
-0.035000,0.115000,1.63042140,0.18200277,0
-0.030000,0.115000,1.63040876,0.18200277,0
-0.025000,0.115000,1.63039672,0.18200277,0
-0.020000,0.115000,1.63038456,0.18200277,0
-0.015000,0.115000,1.63037252,0.18200277,0
-0.010000,0.115000,1.63036048,0.18200277,0
-0.005000,0.115000,1.63034904,0.18200277,0
0.000000,0.115000,1.63033819,0.18200277,0
0.005000,0.115000,1.63032782,0.18200277,0
0.010000,0.115000,1.63031757,0.18200277,0
0.015000,0.115000,1.63030732,0.18200277,0
0.020000,0.115000,1.63029766,0.18200277,0
0.025000,0.115000,1.63028812,0.18200277,0
0.030000,0.115000,1.63027883,0.18200277,0
0.035000,0.115000,1.63027012,0.18200277,0
0.040000,0.115000,1.63026154,0.18200277,0
0.045000,0.115000,1.63025296,0.17892039,0
0.050000,0.115000,1.63024521,0.17585506,0
0.055000,0.115000,1.63023734,0.17280769,0
0.060000,0.115000,1.63022971,0.16977927,0
0.065000,0.115000,1.63022220,0.16677080,0
0.070000,0.115000,1.63021576,0.16378339,0
0.075000,0.115000,1.63020933,0.16081822,0
0.080000,0.115000,1.63020325,0.15787654,0
0.085000,0.115000,1.63019741,0.15495968,0
0.090000,0.115000,1.63019228,0.15206906,0
0.095000,0.115000,1.63018715,0.14920624,0
0.100000,0.115000,1.63018215,0.14637282,0
0.105000,0.115000,1.63017738,0.14357056,0
0.110000,0.115000,1.63017333,0.14080130,0
0.115000,0.115000,1.63016987,0.13806701,0
0.120000,0.115000,1.63016653,0.13536987,0
0.125000,0.115000,1.63016343,0.13271208,0
0.130000,0.115000,1.63016129,0.13009612,0
0.135000,0.115000,1.63015950,0.12752450,0
0.140000,0.115000,1.63015854,0.12500000,0
0.145000,0.115000,1.63015854,0.12252552,0
0.150000,0.115000,1.63015866,0.12010412,0
-0.150000,0.120000,1.63078594,0.15972632,0
-0.145000,0.120000,1.63076830,0.16007811,0
-0.140000,0.120000,1.63075054,0.16050701,0
-0.135000,0.120000,1.63073325,0.16101243,0
-0.130000,0.120000,1.63071549,0.16159362,0
-0.125000,0.120000,1.63069844,0.16224980,0
-0.120000,0.120000,1.63068151,0.16298006,0
-0.115000,0.120000,1.63066530,0.16378340,0
-0.110000,0.120000,1.63064909,0.16465876,0
-0.105000,0.120000,1.63063300,0.16560496,0
-0.100000,0.120000,1.63061738,0.16662084,0
-0.095000,0.120000,1.63060200,0.16770510,0
-0.090000,0.120000,1.63058722,0.16885646,0
-0.085000,0.120000,1.63057220,0.17007352,0
-0.080000,0.120000,1.63055742,0.17135490,0
-0.075000,0.120000,1.63054299,0.17269917,0
-0.070000,0.120000,1.63052869,0.17410484,0
-0.065000,0.120000,1.63051426,0.17557049,0
-0.060000,0.120000,1.63050032,0.17709461,0
-0.055000,0.120000,1.63048661,0.17867568,0
-0.050000,0.120000,1.63047361,0.18031223,0
-0.045000,0.120000,1.63046026,0.18200277,0
-0.040000,0.120000,1.63044727,0.18200277,0
-0.035000,0.120000,1.63043416,0.18200277,0
-0.030000,0.120000,1.63042140,0.18200277,0
-0.025000,0.120000,1.63040876,0.18200277,0
-0.020000,0.120000,1.63039672,0.18200277,0
-0.015000,0.120000,1.63038456,0.18200277,0
-0.010000,0.120000,1.63037252,0.18200277,0
-0.005000,0.120000,1.63036048,0.18200277,0
0.000000,0.120000,1.63034904,0.18200277,0
0.005000,0.120000,1.63033819,0.18200277,0
0.010000,0.120000,1.63032782,0.18200277,0
0.015000,0.120000,1.63031757,0.18200277,0
0.020000,0.120000,1.63030732,0.18200277,0
0.025000,0.120000,1.63029766,0.18200277,0
0.030000,0.120000,1.63028812,0.18200277,0
0.035000,0.120000,1.63027883,0.18200277,0
0.040000,0.120000,1.63027012,0.18200277,0
0.045000,0.120000,1.63026154,0.18200275,0
0.050000,0.120000,1.63025296,0.17892037,0
0.055000,0.120000,1.63024521,0.17585506,0
0.060000,0.120000,1.63023734,0.17280769,0
0.065000,0.120000,1.63022971,0.16977926,0
0.070000,0.120000,1.63022220,0.16677080,0
0.075000,0.120000,1.63021576,0.16378339,0
0.080000,0.120000,1.63020933,0.16081822,0
0.085000,0.120000,1.63020325,0.15787654,0
0.090000,0.120000,1.63019741,0.15495968,0
0.095000,0.120000,1.63019228,0.15206906,0
0.100000,0.120000,1.63018715,0.14920624,0
0.105000,0.120000,1.63018215,0.14637282,0
0.110000,0.120000,1.63017738,0.14357056,0
0.115000,0.120000,1.63017333,0.14080128,0
0.120000,0.120000,1.63016987,0.13806701,0
0.125000,0.120000,1.63016653,0.13536985,0
0.130000,0.120000,1.63016343,0.13271208,0
0.135000,0.120000,1.63016129,0.13009612,0
0.140000,0.120000,1.63015950,0.12752450,0
0.145000,0.120000,1.63015854,0.12500000,0
0.150000,0.120000,1.63015854,0.12252551,0
-0.150000,0.125000,1.63080394,0.16007811,0
-0.145000,0.125000,1.63078594,0.16050702,0
-0.140000,0.125000,1.63076830,0.16101244,0
-0.135000,0.125000,1.63075054,0.16159365,0
-0.130000,0.125000,1.63073325,0.16224982,0
-0.125000,0.125000,1.63071549,0.16298006,0
-0.120000,0.125000,1.63069844,0.16378339,0
-0.115000,0.125000,1.63068151,0.16465874,0
-0.110000,0.125000,1.63066530,0.16560496,0
-0.105000,0.125000,1.63064909,0.16662084,0
-0.100000,0.125000,1.63063300,0.16770510,0
-0.095000,0.125000,1.63061738,0.16885646,0
-0.090000,0.125000,1.63060200,0.17007352,0
-0.085000,0.125000,1.63058722,0.17135489,0
-0.080000,0.125000,1.63057220,0.17269915,0
-0.075000,0.125000,1.63055742,0.17410484,0
-0.070000,0.125000,1.63054299,0.17557050,0
-0.065000,0.125000,1.63052869,0.17709461,0
-0.060000,0.125000,1.63051426,0.17867568,0
-0.055000,0.125000,1.63050032,0.18031223,0
-0.050000,0.125000,1.63048661,0.18200277,0
-0.045000,0.125000,1.63047361,0.18200277,0
-0.040000,0.125000,1.63046026,0.18200277,0
-0.035000,0.125000,1.63044727,0.18200277,0
-0.030000,0.125000,1.63043416,0.18200277,0
-0.025000,0.125000,1.63042140,0.18200277,0
-0.020000,0.125000,1.63040876,0.18200277,0
-0.015000,0.125000,1.63039672,0.18200277,0
-0.010000,0.125000,1.63038456,0.18200277,0
-0.005000,0.125000,1.63037252,0.18200277,0
0.000000,0.125000,1.63036048,0.18200277,0
0.005000,0.125000,1.63034904,0.18200277,0
0.010000,0.125000,1.63033819,0.18200277,0
0.015000,0.125000,1.63032782,0.18200277,0
0.020000,0.125000,1.63031757,0.18200277,0
0.025000,0.125000,1.63030732,0.18200277,0
0.030000,0.125000,1.63029766,0.18200277,0
0.035000,0.125000,1.63028812,0.18200277,0
0.040000,0.125000,1.63027883,0.18200277,0
0.045000,0.125000,1.63027012,0.18200277,0
0.050000,0.125000,1.63026154,0.18200277,0
0.055000,0.125000,1.63025296,0.17892037,0
0.060000,0.125000,1.63024521,0.17585506,0
0.065000,0.125000,1.63023734,0.17280769,0
0.070000,0.125000,1.63022971,0.16977927,0
0.075000,0.125000,1.63022220,0.16677080,0
0.080000,0.125000,1.63021576,0.16378339,0
0.085000,0.125000,1.63020933,0.16081822,0
0.090000,0.125000,1.63020325,0.15787654,0
0.095000,0.125000,1.63019741,0.15495968,0
0.100000,0.125000,1.63019228,0.15206906,0
0.105000,0.125000,1.63018715,0.14920624,0
0.110000,0.125000,1.63018215,0.14637282,0
0.115000,0.125000,1.63017738,0.14357054,0
0.120000,0.125000,1.63017333,0.14080128,0
0.125000,0.125000,1.63016987,0.13806701,0
0.130000,0.125000,1.63016653,0.13536987,0
0.135000,0.125000,1.63016343,0.13271210,0
0.140000,0.125000,1.63016129,0.13009614,0
0.145000,0.125000,1.63015950,0.12752451,0
0.150000,0.125000,1.63015854,0.12500000,0
-0.150000,0.130000,1.63082170,0.16050701,0
-0.145000,0.130000,1.63080394,0.16101244,0
-0.140000,0.130000,1.63078594,0.16159365,0
-0.135000,0.130000,1.63076830,0.16224982,0
-0.130000,0.130000,1.63075054,0.16298006,0
-0.125000,0.130000,1.63073325,0.16378340,0
-0.120000,0.130000,1.63071549,0.16465874,0
-0.115000,0.130000,1.63069844,0.16560495,0
-0.110000,0.130000,1.63068151,0.16662084,0
-0.105000,0.130000,1.63066530,0.16770510,0
-0.100000,0.130000,1.63064909,0.16885646,0
-0.095000,0.130000,1.63063300,0.17007352,0
-0.090000,0.130000,1.63061738,0.17135490,0
-0.085000,0.130000,1.63060200,0.17269915,0
-0.080000,0.130000,1.63058722,0.17410484,0
-0.075000,0.130000,1.63057220,0.17557049,0
-0.070000,0.130000,1.63055742,0.17709462,0
-0.065000,0.130000,1.63054299,0.17867568,0
-0.060000,0.130000,1.63052869,0.18031223,0
-0.055000,0.130000,1.63051426,0.18200277,0
-0.050000,0.130000,1.63050032,0.18200277,0
-0.045000,0.130000,1.63048661,0.18200277,0
-0.040000,0.130000,1.63047361,0.18200277,0
-0.035000,0.130000,1.63046026,0.18200277,0
-0.030000,0.130000,1.63044727,0.18200277,0
-0.025000,0.130000,1.63043416,0.18200277,0
-0.020000,0.130000,1.63042140,0.18200277,0
-0.015000,0.130000,1.63040876,0.18200277,0
-0.010000,0.130000,1.63039672,0.18200277,0
-0.005000,0.130000,1.63038456,0.18200277,0
0.000000,0.130000,1.63037252,0.18200277,0
0.005000,0.130000,1.63036048,0.18200277,0
0.010000,0.130000,1.63034904,0.18200277,0
0.015000,0.130000,1.63033819,0.18200277,0
0.020000,0.130000,1.63032782,0.18200277,0
0.025000,0.130000,1.63031757,0.18200277,0
0.030000,0.130000,1.63030732,0.18200277,0
0.035000,0.130000,1.63029766,0.18200277,0
0.040000,0.130000,1.63028812,0.18200277,0
0.045000,0.130000,1.63027883,0.18200277,0
0.050000,0.130000,1.63027012,0.18200277,0
0.055000,0.130000,1.63026154,0.18200275,0
0.060000,0.130000,1.63025296,0.17892037,0
0.065000,0.130000,1.63024521,0.17585506,0
0.070000,0.130000,1.63023734,0.17280769,0
0.075000,0.130000,1.63022971,0.16977926,0
0.080000,0.130000,1.63022220,0.16677080,0
0.085000,0.130000,1.63021576,0.16378339,0
0.090000,0.130000,1.63020933,0.16081822,0
0.095000,0.130000,1.63020325,0.15787654,0
0.100000,0.130000,1.63019741,0.15495968,0
0.105000,0.130000,1.63019228,0.15206906,0
0.110000,0.130000,1.63018715,0.14920624,0
0.115000,0.130000,1.63018215,0.14637281,0
0.120000,0.130000,1.63017738,0.14357054,0
0.125000,0.130000,1.63017333,0.14080128,0
0.130000,0.130000,1.63016987,0.13806701,0
0.135000,0.130000,1.63016653,0.13536987,0
0.140000,0.130000,1.63016343,0.13271210,0
0.145000,0.130000,1.63016129,0.13009614,0
0.150000,0.130000,1.63015950,0.12752450,0
-0.150000,0.135000,1.63083982,0.16101243,0
-0.145000,0.135000,1.63082170,0.16159363,0
-0.140000,0.135000,1.63080394,0.16224982,0
-0.135000,0.135000,1.63078594,0.16298006,0
-0.130000,0.135000,1.63076830,0.16378342,0
-0.125000,0.135000,1.63075054,0.16465876,0
-0.120000,0.135000,1.63073325,0.16560496,0
-0.115000,0.135000,1.63071549,0.16662084,0
-0.110000,0.135000,1.63069844,0.16770510,0
-0.105000,0.135000,1.63068151,0.16885644,0
-0.100000,0.135000,1.63066530,0.17007351,0
-0.095000,0.135000,1.63064909,0.17135489,0
-0.090000,0.135000,1.63063300,0.17269915,0
-0.085000,0.135000,1.63061738,0.17410485,0
-0.080000,0.135000,1.63060200,0.17557050,0
-0.075000,0.135000,1.63058722,0.17709461,0
-0.070000,0.135000,1.63057220,0.17867568,0
-0.065000,0.135000,1.63055742,0.18031225,0
-0.060000,0.135000,1.63054299,0.18200277,0
-0.055000,0.135000,1.63052869,0.18200277,0
-0.050000,0.135000,1.63051426,0.18200277,0
-0.045000,0.135000,1.63050032,0.18200277,0
-0.040000,0.135000,1.63048661,0.18200277,0
-0.035000,0.135000,1.63047361,0.18200277,0
-0.030000,0.135000,1.63046026,0.18200277,0
-0.025000,0.135000,1.63044727,0.18200277,0
-0.020000,0.135000,1.63043416,0.18200277,0
-0.015000,0.135000,1.63042140,0.18200277,0
-0.010000,0.135000,1.63040876,0.18200277,0
-0.005000,0.135000,1.63039672,0.18200277,0
0.000000,0.135000,1.63038456,0.18200277,0
0.005000,0.135000,1.63037252,0.18200277,0
0.010000,0.135000,1.63036048,0.18200277,0
0.015000,0.135000,1.63034904,0.18200277,0
0.020000,0.135000,1.63033819,0.18200277,0
0.025000,0.135000,1.63032782,0.18200277,0
0.030000,0.135000,1.63031757,0.18200277,0
0.035000,0.135000,1.63030732,0.18200277,0
0.040000,0.135000,1.63029766,0.18200277,0
0.045000,0.135000,1.63028812,0.18200277,0
0.050000,0.135000,1.63027883,0.18200277,0
0.055000,0.135000,1.63027012,0.18200277,0
0.060000,0.135000,1.63026154,0.18200277,0
0.065000,0.135000,1.63025296,0.17892039,0
0.070000,0.135000,1.63024521,0.17585506,0
0.075000,0.135000,1.63023734,0.17280769,0
0.080000,0.135000,1.63022971,0.16977929,0
0.085000,0.135000,1.63022220,0.16677082,0
0.090000,0.135000,1.63021576,0.16378339,0
0.095000,0.135000,1.63020933,0.16081822,0
0.100000,0.135000,1.63020325,0.15787654,0
0.105000,0.135000,1.63019741,0.15495968,0
0.110000,0.135000,1.63019228,0.15206906,0
0.115000,0.135000,1.63018715,0.14920624,0
0.120000,0.135000,1.63018215,0.14637282,0
0.125000,0.135000,1.63017738,0.14357056,0
0.130000,0.135000,1.63017333,0.14080130,0
0.135000,0.135000,1.63016987,0.13806701,0
0.140000,0.135000,1.63016653,0.13536987,0
0.145000,0.135000,1.63016343,0.13271210,0
0.150000,0.135000,1.63016129,0.13009612,0
-0.150000,0.140000,1.63085806,0.16159362,0
-0.145000,0.140000,1.63083982,0.16224982,0
-0.140000,0.140000,1.63082170,0.16298006,0
-0.135000,0.140000,1.63080394,0.16378340,0
-0.130000,0.140000,1.63078594,0.16465876,0
-0.125000,0.140000,1.63076830,0.16560496,0
-0.120000,0.140000,1.63075054,0.16662084,0
-0.115000,0.140000,1.63073325,0.16770510,0
-0.110000,0.140000,1.63071549,0.16885646,0
-0.105000,0.140000,1.63069844,0.17007351,0
-0.100000,0.140000,1.63068151,0.17135489,0
-0.095000,0.140000,1.63066530,0.17269915,0
-0.090000,0.140000,1.63064909,0.17410484,0
-0.085000,0.140000,1.63063300,0.17557050,0
-0.080000,0.140000,1.63061738,0.17709461,0
-0.075000,0.140000,1.63060200,0.17867568,0
-0.070000,0.140000,1.63058722,0.18031223,0
-0.065000,0.140000,1.63057220,0.18200277,0
-0.060000,0.140000,1.63055742,0.18200277,0
-0.055000,0.140000,1.63054299,0.18200277,0
-0.050000,0.140000,1.63052869,0.18200277,0
-0.045000,0.140000,1.63051426,0.18200277,0
-0.040000,0.140000,1.63050032,0.18200277,0
-0.035000,0.140000,1.63048661,0.18200277,0
-0.030000,0.140000,1.63047361,0.18200277,0
-0.025000,0.140000,1.63046026,0.18200277,0
-0.020000,0.140000,1.63044727,0.18200277,0
-0.015000,0.140000,1.63043416,0.18200277,0
-0.010000,0.140000,1.63042140,0.18200277,0
-0.005000,0.140000,1.63040876,0.18200277,0
0.000000,0.140000,1.63039672,0.18200277,0
0.005000,0.140000,1.63038456,0.18200277,0
0.010000,0.140000,1.63037252,0.18200277,0
0.015000,0.140000,1.63036048,0.18200277,0
0.020000,0.140000,1.63034904,0.18200277,0
0.025000,0.140000,1.63033819,0.18200277,0
0.030000,0.140000,1.63032782,0.18200277,0
0.035000,0.140000,1.63031757,0.18200277,0
0.040000,0.140000,1.63030732,0.18200277,0
0.045000,0.140000,1.63029766,0.18200277,0
0.050000,0.140000,1.63028812,0.18200277,0
0.055000,0.140000,1.63027883,0.18200277,0
0.060000,0.140000,1.63027012,0.18200277,0
0.065000,0.140000,1.63026154,0.18200277,0
0.070000,0.140000,1.63025296,0.17892037,0
0.075000,0.140000,1.63024521,0.17585506,0
0.080000,0.140000,1.63023734,0.17280769,0
0.085000,0.140000,1.63022971,0.16977927,0
0.090000,0.140000,1.63022220,0.16677080,0
0.095000,0.140000,1.63021576,0.16378339,0
0.100000,0.140000,1.63020933,0.16081822,0
0.105000,0.140000,1.63020325,0.15787654,0
0.110000,0.140000,1.63019741,0.15495968,0
0.115000,0.140000,1.63019228,0.15206906,0
0.120000,0.140000,1.63018715,0.14920624,0
0.125000,0.140000,1.63018215,0.14637282,0
0.130000,0.140000,1.63017738,0.14357056,0
0.135000,0.140000,1.63017333,0.14080128,0
0.140000,0.140000,1.63016987,0.13806701,0
0.145000,0.140000,1.63016653,0.13536987,0
0.150000,0.140000,1.63016343,0.13271208,0
-0.150000,0.145000,1.63087666,0.16224980,0
-0.145000,0.145000,1.63085806,0.16298006,0
-0.140000,0.145000,1.63083982,0.16378340,0
-0.135000,0.145000,1.63082170,0.16465874,0
-0.130000,0.145000,1.63080394,0.16560496,0
-0.125000,0.145000,1.63078594,0.16662084,0
-0.120000,0.145000,1.63076830,0.16770510,0
-0.115000,0.145000,1.63075054,0.16885646,0
-0.110000,0.145000,1.63073325,0.17007352,0
-0.105000,0.145000,1.63071549,0.17135489,0
-0.100000,0.145000,1.63069844,0.17269915,0
-0.095000,0.145000,1.63068151,0.17410484,0
-0.090000,0.145000,1.63066530,0.17557049,0
-0.085000,0.145000,1.63064909,0.17709462,0
-0.080000,0.145000,1.63063300,0.17867568,0
-0.075000,0.145000,1.63061738,0.18031223,0
-0.070000,0.145000,1.63060200,0.18200277,0
-0.065000,0.145000,1.63058722,0.18200277,0
-0.060000,0.145000,1.63057220,0.18200277,0
-0.055000,0.145000,1.63055742,0.18200277,0
-0.050000,0.145000,1.63054299,0.18200277,0
-0.045000,0.145000,1.63052869,0.18200277,0
-0.040000,0.145000,1.63051426,0.18200277,0
-0.035000,0.145000,1.63050032,0.18200277,0
-0.030000,0.145000,1.63048661,0.18200277,0
-0.025000,0.145000,1.63047361,0.18200277,0
-0.020000,0.145000,1.63046026,0.18200277,0
-0.015000,0.145000,1.63044727,0.18200277,0
-0.010000,0.145000,1.63043416,0.18200277,0
-0.005000,0.145000,1.63042140,0.18200277,0
0.000000,0.145000,1.63040876,0.18200277,0
0.005000,0.145000,1.63039672,0.18200277,0
0.010000,0.145000,1.63038456,0.18200277,0
0.015000,0.145000,1.63037252,0.18200277,0
0.020000,0.145000,1.63036048,0.18200277,0
0.025000,0.145000,1.63034904,0.18200277,0
0.030000,0.145000,1.63033819,0.18200277,0
0.035000,0.145000,1.63032782,0.18200277,0
0.040000,0.145000,1.63031757,0.18200277,0
0.045000,0.145000,1.63030732,0.18200277,0
0.050000,0.145000,1.63029766,0.18200277,0
0.055000,0.145000,1.63028812,0.18200277,0
0.060000,0.145000,1.63027883,0.18200277,0
0.065000,0.145000,1.63027012,0.18200277,0
0.070000,0.145000,1.63026154,0.18200275,0
0.075000,0.145000,1.63025296,0.17892037,0
0.080000,0.145000,1.63024521,0.17585506,0
0.085000,0.145000,1.63023734,0.17280769,0
0.090000,0.145000,1.63022971,0.16977926,0
0.095000,0.145000,1.63022220,0.16677080,0
0.100000,0.145000,1.63021576,0.16378339,0
0.105000,0.145000,1.63020933,0.16081822,0
0.110000,0.145000,1.63020325,0.15787654,0
0.115000,0.145000,1.63019741,0.15495968,0
0.120000,0.145000,1.63019228,0.15206906,0
0.125000,0.145000,1.63018715,0.14920624,0
0.130000,0.145000,1.63018215,0.14637282,0
0.135000,0.145000,1.63017738,0.14357054,0
0.140000,0.145000,1.63017333,0.14080128,0
0.145000,0.145000,1.63016987,0.13806701,0
0.150000,0.145000,1.63016653,0.13536985,0
-0.150000,0.150000,1.63089478,0.16298006,0
-0.145000,0.150000,1.63087666,0.16378339,0
-0.140000,0.150000,1.63085806,0.16465874,0
-0.135000,0.150000,1.63083982,0.16560495,0
-0.130000,0.150000,1.63082170,0.16662084,0
-0.125000,0.150000,1.63080394,0.16770510,0
-0.120000,0.150000,1.63078594,0.16885644,0
-0.115000,0.150000,1.63076830,0.17007351,0
-0.110000,0.150000,1.63075054,0.17135490,0
-0.105000,0.150000,1.63073325,0.17269917,0
-0.100000,0.150000,1.63071549,0.17410485,0
-0.095000,0.150000,1.63069844,0.17557050,0
-0.090000,0.150000,1.63068151,0.17709461,0
-0.085000,0.150000,1.63066530,0.17867568,0
-0.080000,0.150000,1.63064909,0.18031225,0
-0.075000,0.150000,1.63063300,0.18200277,0
-0.070000,0.150000,1.63061738,0.18200277,0
-0.065000,0.150000,1.63060200,0.18200277,0
-0.060000,0.150000,1.63058722,0.18200277,0
-0.055000,0.150000,1.63057220,0.18200277,0
-0.050000,0.150000,1.63055742,0.18200277,0
-0.045000,0.150000,1.63054299,0.18200277,0
-0.040000,0.150000,1.63052869,0.18200277,0
-0.035000,0.150000,1.63051426,0.18200277,0
-0.030000,0.150000,1.63050032,0.18200277,0
-0.025000,0.150000,1.63048661,0.18200277,0
-0.020000,0.150000,1.63047361,0.18200277,0
-0.015000,0.150000,1.63046026,0.18200277,0
-0.010000,0.150000,1.63044727,0.18200277,0
-0.005000,0.150000,1.63043416,0.18200277,0
0.000000,0.150000,1.63042140,0.18200277,0
0.005000,0.150000,1.63040876,0.18200277,0
0.010000,0.150000,1.63039672,0.18200277,0
0.015000,0.150000,1.63038456,0.18200277,0
0.020000,0.150000,1.63037252,0.18200277,0
0.025000,0.150000,1.63036048,0.18200277,0
0.030000,0.150000,1.63034904,0.18200277,0
0.035000,0.150000,1.63033819,0.18200277,0
0.040000,0.150000,1.63032782,0.18200277,0
0.045000,0.150000,1.63031757,0.18200277,0
0.050000,0.150000,1.63030732,0.18200277,0
0.055000,0.150000,1.63029766,0.18200277,0
0.060000,0.150000,1.63028812,0.18200277,0
0.065000,0.150000,1.63027883,0.18200277,0
0.070000,0.150000,1.63027012,0.18200277,0
0.075000,0.150000,1.63026154,0.18200277,0
0.080000,0.150000,1.63025296,0.17892039,0
0.085000,0.150000,1.63024521,0.17585506,0
0.090000,0.150000,1.63023734,0.17280769,0
0.095000,0.150000,1.63022971,0.16977929,0
0.100000,0.150000,1.63022220,0.16677082,0
0.105000,0.150000,1.63021576,0.16378340,0
0.110000,0.150000,1.63020933,0.16081823,0
0.115000,0.150000,1.63020325,0.15787654,0
0.120000,0.150000,1.63019741,0.15495968,0
0.125000,0.150000,1.63019228,0.15206906,0
0.130000,0.150000,1.63018715,0.14920624,0
0.135000,0.150000,1.63018215,0.14637281,0
0.140000,0.150000,1.63017738,0.14357054,0
0.145000,0.150000,1.63017333,0.14080128,0
0.150000,0.150000,1.63016987,0.13806701,0
